rosbagTimestamp,x,y,z,x,y,z
2007910000000,-0.0582431816153,-0.0442484228064,-0.0487998962475,4.82277245441,-5.99489155405,15.5438064158
2008015000000,0.16985006067,-0.0147292501437,-0.1794903753,-0.544741217774,-2.92648993111,6.58036346883
2008118000000,0.0215921552267,-0.0362878995078,-0.566854235294,8.91785109825,0.269987129844,6.04422985072
2008222000000,0.0163520461936,-0.018278757983,-0.658279375778,9.59469466145,-5.00584286129,12.4631866709
2008327000000,0.0340912859331,-0.0575003450521,-0.73606814611,-1.18758002521,-3.78575914699,13.6832457554
2008431000000,0.10812463774,0.0627773437717,-0.777875539433,-2.56706369439,-1.31649544533,17.6336536952
2008536000000,0.0563624726027,-0.032879747656,-0.799776511688,6.14258794726,-6.26821137568,6.69139237366
2008639000000,0.100467182501,-0.0434186905581,-0.762653697289,-4.3457864114,0.885164860718,9.11366381489
2008744000000,0.0377870621567,-0.264966384851,-0.732548024661,-4.74219764955,0.684408427284,-3.26679454623
2008848000000,0.0314277943417,-0.316064920993,-0.830645525237,22.665670693,-15.559196294,22.3896658287
2008952000000,-0.0222743516873,-0.106817512381,-0.784247490172,5.85946289242,0.285549208761,27.5196698359
2009055000000,0.00918985243781,-0.0164557784963,-0.657750633723,-2.71320845114,-1.3787139433,8.25577358606
2009161000000,-0.00702725568413,-0.0728554018745,-0.670068280489,3.25601521856,-4.07168617011,15.6268628132
2009264000000,0.0431978064755,0.0323304226063,-0.742983999116,-3.98314765325,-1.27360737848,7.18251370739
2009369000000,-0.000307075928998,-0.0303963917467,-0.705312568029,9.97248387078,-1.88449766777,9.12162201068
2009473000000,-0.0454637036862,-0.0462855071802,-0.816478902488,7.48724766191,-1.0776061227,5.27986602016
2009576000000,0.019727533792,-0.0816210045969,-0.707225126617,-11.8857515891,-3.01943782709,15.5402140932
2009680000000,0.022901676544,-0.0551132969798,-0.787706554289,4.80414749605,-0.680702398788,5.34230288288
2009785000000,-0.0208569930817,-0.0183087895432,-0.674296919093,-9.6869380011,-1.62815714813,14.1229902105
2009887000000,-0.00126954007594,0.0207908245245,-0.676122280769,-6.44144973943,0.40917363924,6.74474175572
2009992000000,-0.0390230470521,-0.00524731658547,-0.693718157135,-7.63088848017,-2.7512699942,9.77554195101
2010096000000,0.000851881903778,0.00785531617363,-0.751763269613,-10.2631872879,-2.74600744132,9.82479832998
2010200000000,-5.67570337107E-05,0.052093001424,-0.711561565576,-5.72783513348,-0.649446837358,6.66790249122
2010306000000,-0.0266973952142,-0.0168887795078,-0.758199764622,1.78652609431,-4.20571910321,4.24355521689
2010410000000,0.0152005029397,0.00804233966489,-0.734072235239,-11.9281534769,-2.01180723026,12.9374791513
2010512000000,0.0259498366074,0.0213320276122,-0.792017029903,3.34532751509,-4.15065686565,4.56470238578
2010616000000,-0.0211189387356,-0.0180721245181,-0.776354987176,4.60814739167,-0.730077883338,5.18831474362
2010719000000,-0.0445920818881,-0.0040242083889,-0.786767537569,-0.977956563312,1.08231923961,9.27180906039
2010823000000,-0.0218685366448,-0.000753456233623,-0.824976963296,-1.67810907318,-4.52664375678,14.3974827381
2010928000000,0.0350144807099,0.00683346688655,-0.719194872373,-6.80103512308,0.442641486525,12.3460769566
2011033000000,0.00863738580172,-0.00591858376387,-0.638256544309,-1.07384623663,0.592405701071,9.27814126012
2011138000000,-0.0350393407069,0.00915793304281,-0.469678542979,-0.947902028198,0.342158624122,1.6512917838
2011241000000,0.0264915909629,0.0492413590302,-0.384504034074,11.0140216069,-2.10118062534,9.53472018477
2011346000000,0.0370254056902,0.0605676787682,-0.333400322741,-6.70892871082,0.329645862939,19.9439781915
2011449000000,-0.0657573689982,-0.0588106354044,-0.220181703389,4.73899030131,0.47244466021,7.1507865683
2011554000000,-0.0699886317875,0.032408793048,-0.216284046266,-2.93771487358,-1.47854213433,6.83205380983
2011657000000,0.0465568435367,0.0199086594793,-0.213474300577,-3.69668641499,-0.650385564608,9.76809741784
2011761000000,-0.0346547032121,0.0179029215638,-0.226417992225,6.31959002987,1.08484522799,6.20888246105
2011866000000,-0.00387386102626,-0.0290478447265,-0.183423385187,6.54710644911,0.248948138226,9.42525906509
2011970000000,0.0952919510475,0.0402180475661,-0.142962602048,-4.87826155685,0.108937456357,7.88561248595
2012076000000,-0.0636530836121,-0.0434090745937,-0.167585747352,10.5707290474,1.38834450357,4.95470553578
2012180000000,-0.0164111034209,-0.0307702293664,-0.167628929621,-8.38328841177,-0.53314086054,4.38578076993
2012284000000,-0.0126056363867,-0.0238513296917,-0.126413968426,6.61842606014,-1.12289000338,10.3503220429
2012387000000,0.0439210221438,-0.07790805575,0.170956134148,16.0629645086,13.540287977,13.2217953988
2012491000000,-0.00286515914123,-0.0819660191128,0.651197454294,-0.500640519642,5.30561595203,4.55656186915
2012596000000,0.00494811226974,-0.0138191568706,0.921422089489,6.31348530877,6.62439811588,10.7769865469
2012699000000,0.0595590082176,-0.0368573815883,1.15349913646,11.5247148641,0.067107843613,6.08762029367
2012803000000,0.050727878067,0.00426819471173,1.2898888881,16.2644531285,16.6582996749,11.4806193789
2012908000000,0.063574471426,0.075714171296,1.7311252729,3.20974060602,19.4135019168,23.7850390836
2013012000000,-0.152990325597,-0.0351943734279,1.02377356183,3.45953134994,0.673440784131,6.50257759328
2013115000000,-0.10787074199,-0.0150870909625,0.351754594763,4.10746363471,-4.32236879452,7.78789260127
2013220000000,0.0475379745759,-0.0069395587567,0.0208102493412,-3.39165048555,-1.63148050034,-0.255590917909
2013325000000,0.0195666045898,0.0672639507331,0.0564879891291,-2.15217005335,7.11792239805,15.2549604776
2013428000000,-0.0325297409455,0.511681181491,0.0487756435012,1.68618370859,0.139566580499,3.07694556377
2013536000000,-0.126322561062,0.38570769289,0.0532200533271,0.0532922486341,0.0561636405389,-0.0672379578461
2013639000000,0.309380972577,0.124163230365,0.0470527301096,-3.2811773958,-0.788495445705,16.0736210257
2013743000000,0.0322484717724,-0.19781454149,-0.030477642837,0.963313246709,0.00331725813127,0.586166837556
2013847000000,-0.101727358553,-0.0988008783402,0.0234114622035,1.74023870309,0.0428443784841,1.04707667323
2013951000000,-0.0106001441996,-0.380407601837,0.0428601478149,-5.8353704498,-1.42400532057,0.505085666935
2014055000000,0.0102403281279,-0.0178710830653,-0.0539267211178,-10.6601886025,0.29899725973,7.74422001023
2014159000000,0.0208237035258,0.00771882656357,-0.0118649129306,-5.57633812535,-0.327846903177,24.5468688785
2014264000000,0.0194697583792,-0.00132633504031,-0.00572830676831,-7.64057648442,-0.605388532205,10.1118004625
2014370000000,0.02637478972,-0.0261509482701,-0.00438450384761,-11.2400045367,0.0534219451575,15.2153511122
2014474000000,-0.0052185395111,-0.0179445399637,0.000190887906735,-4.03900494893,-0.75466259729,7.77891160394
2014578000000,-0.0141197021698,-0.0220308455369,-0.00915647351571,9.94015601421,-1.5708536009,7.16897952487
2014683000000,-0.0412885023688,-0.0170000685834,-0.0117830921723,-5.55713999424,0.605529996843,5.5273056374
2014787000000,0.0255535682208,-0.0144326628195,0.0080584729881,-3.60573122287,-1.74366589802,11.935622143
2014890000000,-0.00657085229509,-0.0103198471859,-0.00327114040236,-4.70207460478,0.916741881761,7.59515372154
2014993000000,-0.00787257590647,-0.062195591016,-0.0193991396488,2.24868761785,-1.74719641268,13.2261303127
2015098000000,-0.00577719914842,0.00232636530211,0.00161715148162,-7.93479851178,-0.876791966772,10.3901436201
2015203000000,-0.00560556108187,-0.0280214738999,0.0115890502238,6.04102000552,-0.113063405859,10.4938320784
2015307000000,-0.0252710960585,0.0516175917518,-0.014212675626,10.1679288685,0.538673692975,10.4696633821
2015410000000,0.0338334608298,0.02318166545,-0.00319998703,5.94858424575,-2.88345516725,11.4275652153
2015515000000,-0.0528799970296,0.0213335169602,-0.00747443925577,6.12851533595,3.29576230324,13.7461161461
2015618000000,-0.0630222944658,0.0303868705282,-0.0092088331905,5.30969422078,-1.55145692561,4.81681038508
2015722000000,0.048495493566,0.123622000335,-0.00547372308949,-4.43332893601,-2.81109750814,12.9154813672
2015827000000,0.0123488807044,0.241844397546,0.00421543315182,0.263407791752,0.08977066494,10.020528432
2015930000000,-0.0745084838225,0.0470993567333,-0.0199079098444,-14.6434949498,2.80195820264,17.991887131
2016035000000,-0.000226756430073,0.0164351056507,-0.00939973962383,-8.21957718992,-0.110923175055,9.34926580771
2016139000000,0.0272279781142,0.0396069739963,0.00965432568865,-2.59292434918,-2.48605037148,14.1253466472
2016244000000,-0.0100633879235,0.0125331497242,0.00629762402748,3.04093505909,3.21437996429,8.2793272983
2016346000000,-0.0142927763011,-0.0227650322749,-0.00451170557093,2.39251757344,0.431817175082,6.59850270588
2016450000000,0.0113686226172,-0.0095833479967,0.00423695170761,-7.84964453729,0.403668761701,9.85493065603
2016554000000,-0.0765581603939,-0.0418203382956,-0.00164218953425,-0.199202571468,1.93271145779,4.99452498597
2016659000000,-0.0206425085034,-0.256447664455,0.0145017088851,-6.31262330089,-1.44127143456,11.4261774714
2016763000000,0.142270119901,-0.279439808265,0.00708436574254,-6.17878201149,2.36842395707,4.47970099927
2016868000000,-0.0185275540356,-0.218409162979,-0.00923932717665,-4.72747400138,0.16114938133,9.58514558624
2016970000000,0.0207231235059,-0.0772135133314,0.00569288607039,9.58769767962,-2.83541626854,10.1144591036
2017070000000,-0.0116400874823,-0.0440182683324,-0.0132774660568,-5.3129107882,1.42996204241,7.82412870264
2017175000000,8.71589962613E-05,-0.00451291280396,-0.00845795848804,1.96230658743,0.792567050902,11.2034791547
2017279000000,0.0443791076325,-0.0429007203013,-0.0128604835619,9.55997859489,-2.6557672005,6.91744847025
2017382000000,-0.000630023369345,-0.00125373734629,-0.0022607006284,-6.68954884489,-1.70023353778,10.4611270749
2017487000000,-0.0134571614482,0.0654509029353,-0.00719872152138,8.14376077545,-0.330787235509,16.7337448554
2017592000000,0.0124284127862,0.00108959486592,0.00547631774403,-2.70955466869,0.887839449689,7.33519575633
2017695000000,-0.0213147416088,0.00229733482257,0.00222809000028,-2.39827326586,-0.788243459021,10.344123141
2017799000000,-0.0110397546798,0.0152548812234,-0.00399370298968,-3.95283419594,-0.27580597026,14.9388353281
2017904000000,-0.00380666604682,0.0143087697786,-0.00160801835007,3.0444836514,2.08770497676,9.692825203
2018008000000,0.0410240347871,-0.0196053707259,0.299831465216,9.62871127867,1.35628878997,10.1260962697
2018112000000,0.0133322470485,-0.0152625653418,0.39281449551,17.4063630232,1.75810388824,9.81198454782
2018218000000,-0.00262877253846,-0.135407826368,0.347737911669,-7.71618208727,-0.248073355442,-2.51324919403
2018322000000,-0.00744968430084,-0.064930392146,0.269514445746,12.6614143477,4.10632280253,10.5905087916
2018426000000,-0.0202696328688,0.0635817057486,0.0938339814629,6.66786822072,-2.26332259553,13.1539091181
2018530000000,0.0372524994586,-0.00532059268122,0.0521190221279,5.31492332955,-0.71565227296,6.00263752656
2018633000000,-0.0175568880332,0.175150040936,0.020761845721,13.5686429964,-2.27734531667,21.2863172848
2018737000000,-0.0859642773403,0.0525102449119,0.0147936882054,9.35645729706,-0.867295809272,10.7997926477
2018841000000,-0.0504928431661,0.239170851517,0.0139724204684,3.41429725257,-3.08484296324,3.95757103446
2018944000000,0.0395709800539,0.67506744195,0.0137224452638,3.61476115529,-0.264737061727,3.495782929
2019050000000,-0.0296322634327,0.102610518779,-0.0924271462697,4.29940112548,2.39771155883,8.28226250965
2019154000000,-0.0810197844886,-0.34652480008,0.0126834425601,-8.39379133668,1.78597704523,1.70353794416
2019258000000,0.160097547466,0.0484514801314,0.0695548055779,52.9273207869,-15.0934516122,120.12511782
2019360000000,0.0844532225187,0.111012640008,0.0184812704471,-1.59930588001,-0.656266014025,1.60995739078
2019465000000,-0.106262925732,-0.00200447295466,-0.0220279552471,-8.45165920883,1.4811823098,10.0075799492
2019569000000,-0.023037335592,0.035599983572,0.00912045920557,-5.95354200646,-1.48336257573,2.0556173994
2019673000000,0.0384110166446,0.0341837410331,-0.0002115502024,-9.63694337531,0.413988844137,11.4957026308
2019778000000,0.052766175853,-0.00833062028368,0.00537730849141,-3.83076985352,0.790600313496,7.45184321927
2019881000000,-0.0389733612362,-0.0490996864462,0.00269431920245,-11.8701931849,1.22285575688,13.3821764782
2019986000000,-0.0119580866286,0.00867935631632,0.00287603278937,-8.90656219751,0.929121748152,3.32688984333
2020090000000,0.0419032583771,0.0332679823854,0.00824172895108,-7.59168245097,-1.8415971819,10.975300714
2020193000000,-0.0210942916639,0.0263213733887,-0.00137059240928,3.06900886441,1.80983608089,8.05038531277
2020297000000,-0.031336149599,0.00302041019115,-0.00164417500497,-2.19515931263,0.631368876271,7.73272695517
2020402000000,-0.00180898466969,-0.00836373495937,0.00271718293035,-7.8251137479,-0.953888928558,9.73556680549
2020506000000,0.0161242489988,-0.0118702413881,0.0010973376987,6.49398693841,0.533408222914,7.47499345434
2020609000000,-0.0202999150431,-0.00135979259624,-0.00160751774223,-7.87621991098,-1.55606825437,11.2779958687
2020714000000,-0.0309914060848,-0.0350648321233,0.000939618874966,1.91693974536,0.834129756945,14.7777737237
2020817000000,0.00318138032455,-0.000173154567661,0.00200953795826,-7.3564791989,-0.406592050058,11.4077574018
2020922000000,-0.0309185038054,-0.00438854642803,-0.000123752088437,8.24943288678,0.503112492683,10.6407680827
2021025000000,0.028447133154,-0.00799814003224,0.0150205237981,-6.21509456331,-2.25624031936,8.50397982557
2021129000000,0.0427974137762,0.0434027085059,0.00994343524617,-4.68920088373,-1.37529740979,17.8198148201
2021234000000,-0.0246290086354,0.00825674743662,0.00436987082311,3.64321404876,0.135469718679,8.58391075241
2021337000000,-0.0951808703372,0.0367608313561,-0.00562015164741,-2.27121003822,0.3783078469,13.7310897095
2021441000000,-0.0193433577206,0.31320930099,-0.0296116039041,5.60606590187,-1.40715195933,5.96081055783
2021545000000,-0.0881252262898,0.223602175775,0.00360861600894,2.60434881227,-0.0874380206663,12.382891764
2021655000000,0.0983968520936,0.058841921997,0.0491203130199,-5.88317227097,-3.9049572725,7.85678940335
2021753000000,0.190976297964,0.0552520701109,-0.0207103736225,-4.71170776067,11.4476511536,31.6638299556
2021857000000,-0.0675340329174,-0.0022894716382,-0.0445798085084,21.2593545271,2.13230055045,13.8824451205
2021959000000,0.0222196684084,0.00496172514749,0.0118663384552,-6.65980554449,-0.819266366819,9.12179551915
2022063000000,0.0189360568828,-0.0131062285106,0.00308945715782,-1.84489409607,-3.31574428473,17.2205273291
2022168000000,-0.00698974975306,-0.0507303399365,-0.00590437439851,6.44082177953,1.44174838109,8.35713055496
2022272000000,-0.0525864342772,-0.0848182370014,0.00317945593615,-5.47036700318,-0.765523400307,14.7562371747
2022375000000,-0.0333578786522,-0.14464241279,0.0234803314084,-5.48307099891,-1.23473872057,1.09523354477
2022479000000,0.00951270631547,-0.227499538592,0.039776066165,-3.36654747277,-1.54599303305,10.1757393005
2022584000000,0.0151780431652,-0.255228263169,0.00292750090761,-2.61707646142,-2.07233805399,3.83738001997
2022687000000,0.134560942847,-0.060640485182,0.00309122975198,6.47180883437,-4.62593565313,9.19695694558
2022793000000,0.00446774087527,-0.0794746180886,-0.0173920872233,-1.86639125781,-0.142473411266,10.7411578973
2022896000000,0.0202890025653,-0.0100350405132,-0.0204010792748,-2.39965000495,-1.03675337968,10.0645011445
2023000000000,0.0269882169285,-0.015739167777,-0.00650792340151,-6.35991571724,-0.443005711104,9.71553826661
2023104000000,0.0335928164448,-0.0152451205717,-0.00532706870712,4.62526359319,-0.237026258393,10.1049752205
2023207000000,0.00927778280369,0.011222414547,-0.00723482574695,-6.44719603993,-2.45915017532,11.59948393
2023312000000,0.0629295824976,-0.0504882019736,-0.0269972985568,6.79636687088,-2.30044196827,10.3916351251
2023415000000,-0.0138318929626,-0.0022758201414,-0.01687189913,7.77714033255,-0.297555191708,9.15647227152
2023520000000,-0.0201914494895,-0.0243208674337,-0.000170443678551,8.9293350535,1.46084054522,5.73422652843
2023624000000,0.00661379346675,0.000926982784125,-0.00430883371428,4.46349382561,-2.95209363274,12.8962153724
2023728000000,-0.00923338997033,0.0117650820087,-0.00929493779614,-8.25813968327,-0.0883744187586,10.9421748248
2023832000000,0.0174120023504,0.0313957102943,-0.00599652225768,6.45832400323,-1.63892254841,10.4003109719
2023936000000,-0.0543533228116,0.0133005158391,-0.00222474520353,-3.81953659166,-0.668583640285,7.84174003526
2024042000000,-0.0286375470835,0.00362419513598,-0.00894701398319,7.82580084249,1.04044660895,12.7764767267
2024145000000,0.00241684022375,-0.0165143198572,0.332478940171,4.72592972573,4.43212975314,8.44865151173
2024249000000,-0.014539961262,-0.0136209719683,0.495381535641,10.2862695901,3.08250055379,10.8713629584
2024354000000,-0.00298694366705,0.0571936459078,0.424407884321,-2.87705326944,-2.59675757441,18.7148411595
2024457000000,0.017833267182,-0.0260766637603,0.346023448464,11.2322332017,1.64178916132,11.1470732402
2024562000000,0.0199689570314,0.00821089392757,0.277480478943,-3.6014675822,-2.20447984758,5.04272144672
2024666000000,0.0159129481588,-0.00055119809075,0.222024644836,-7.78360980647,-1.55512846851,10.219084612
2024769000000,0.0029704997114,-0.0138258848732,0.183976486938,-6.46345395346,-0.565614856533,9.41751879232
2024874000000,-0.0187409188866,0.044929749104,0.14667595028,6.69309120093,-0.103404683243,5.8854139039
2024978000000,-0.00618981312971,0.0123410166502,0.131341120639,-7.51027544877,-2.69594315205,8.91200471122
2025081000000,0.0141663670007,-0.00449939094268,0.102105227973,6.37414980523,1.29787779018,9.06574613351
2025186000000,0.0157179662193,0.000408015024255,0.0928992832597,-7.78478364772,-0.153122162109,11.3715431306
2025289000000,0.0101985046601,-0.0204658880774,0.075825167933,-3.54075149368,-0.583481351567,9.8146333022
2025394000000,-0.0080019865803,0.0107557412169,0.0688365231102,1.29401613214,1.08564684116,13.6841029407
2025499000000,-0.0593823750504,-0.0599055472311,0.0506439903731,5.12784147904,1.64924219537,9.45970577682
2025603000000,0.00101521106421,0.00390734648665,0.0379115429998,4.82381330079,0.606660793639,9.18564844565
2025710000000,0.00177064323093,0.00220998949426,0.0334469319752,-7.42696757164,-0.883271338171,9.15743596852
2025810000000,0.00334613832531,0.00188970065561,0.0243593899265,-7.80812097073,-2.50686090866,10.2380978901
2025914000000,-0.00874127222844,-0.0437598203125,0.0165986923378,1.42200476156,2.23940981678,6.70742671131
2026019000000,0.0116935201874,-0.0136493190696,0.0180162676242,-9.13351629385,-2.81648963978,13.335479954
2026121000000,0.0170723629861,0.000177079251499,0.013529651092,5.85782411435,-1.15266179447,10.27122547
2026226000000,-0.0123404104619,0.00312865157023,0.0259274267496,-6.53376587856,0.00537620322629,10.1605039563
2026333000000,-0.00949922932312,0.0126123237379,0.00295559602377,4.79046991023,-1.3990735368,8.84738727039
2026436000000,-0.0256281074282,0.0610846547445,0.000260687052242,-3.87274150534,-3.33481885818,18.1592894861
2026540000000,-0.0379281627683,0.0156172058859,0.00585336881699,-8.84464095987,-1.14348581173,8.5176749437
2026644000000,0.0357394492373,-0.0460526544842,0.000262473718738,-0.51665372153,-2.25563877339,6.5795071634
2026749000000,-0.00818412365945,0.0126145174808,0.00658669550994,1.94512931656,-2.92353777411,5.78952381441
2026852000000,0.0316069966725,-0.0433340233464,0.0291675018063,2.6142511384,0.298295599112,5.6138574007
2026956000000,-0.0127084669206,-0.00911662843096,-0.0151102620345,0.727575273817,-2.0117538679,11.6503615639
2027060000000,-0.0195883512838,-0.0168876422199,0.0067992879134,-1.88249203901,-1.67421236801,9.93877665787
2027165000000,-0.0126436545655,0.00224201004345,0.000583567405142,3.83418937497,-1.51587121307,10.0654176214
2027269000000,0.0428215344874,-0.00704517774819,0.0152102388968,-4.10340426703,-0.461397877049,11.6805451592
2027372000000,0.00012355808871,0.00201263788943,0.0183037062063,-7.71165370592,-1.65207388923,9.6972015064
2027476000000,-0.0184625731628,-0.0238095785116,-0.00751041175758,12.7589005395,1.82142475995,8.81313846592
2027581000000,0.0135653622178,0.0101598847264,-0.00205952976576,-7.67775960064,-0.391505403048,6.23655792218
2027685000000,-0.0397226050795,-0.00194177301184,0.0044543515198,4.8645471034,0.340700176581,9.56630930584
2027788000000,0.0207915950482,0.0530496340886,-0.00598277910286,-1.58013108357,-3.95895617149,21.5387490517
2027895000000,0.0365583780605,0.00885705572693,0.0101396037251,-3.45741221461,-1.40035377442,6.35736290858
2027996000000,0.00373583383191,-0.00267487385974,-0.00520826436355,-1.78090512833,0.651526774125,9.79744691841
2028101000000,0.0678777777841,-0.00574703717941,0.322597959954,4.85159238384,11.5683118276,10.5678672686
2028205000000,0.0434057396627,-0.00819623658138,0.66690085385,13.2623821723,10.9012719088,12.1166720865
2028309000000,-0.0267818577268,-0.130274454688,1.16417695646,-6.09206221447,14.9291321558,16.9375135628
2028412000000,-0.031848994911,-0.0478987030484,1.07052681729,4.9389552304,6.95112588441,11.5529216186
2028520000000,0.0242450892954,0.0430598546425,1.1700148983,5.86345446507,13.5138835602,12.8575341473
2028624000000,0.0849252940796,0.125748298123,1.42151891309,-5.68196059862,17.6548832302,20.6043330584
2028727000000,-0.0485672197888,-0.0966594728322,1.3149828427,-21.865738771,12.9640014701,13.6218500028
2028832000000,-0.20071083048,0.179972964713,1.23267694994,0.572417133413,0.268384990294,0.137877198826
2028935000000,-0.103216223141,0.630483849263,1.03820797698,0.743660155452,0.61595366041,0.674739954206
2029040000000,0.259387055469,0.00520567970803,1.01861992542,-7.879860947,8.27014027464,13.9816933425
2029143000000,0.00468198102491,-0.00782129420432,0.78536478384,-5.01972139313,6.79617228217,7.48503914402
2029247000000,-0.294487594612,-0.249883532442,0.551732265751,-13.5884853417,2.68624715629,0.33068387891
2029352000000,-0.228583154027,-0.590925911409,0.434701497533,12.0431715731,13.0294920605,32.059023001
2029455000000,0.170259248187,-0.135592822979,0.270523294847,-10.1249673368,1.50037716577,17.9800142045
2029558000000,0.105137414053,-0.282156864674,0.155801073017,-4.54480764103,1.28675200337,0.665391004213
2029664000000,-0.294671566367,0.00812046107907,0.0826664943098,-4.97252475858,1.2812636072,4.99402800761
2029769000000,0.0390723497372,-0.0116139774344,0.0587822075018,12.3967442742,-0.550710574009,10.0113262789
2029872000000,0.0439727557095,-0.00760939515595,0.0884201397795,-5.54471281375,-1.35738125933,9.36278022468
2029977000000,-0.0168680063938,-0.00974686396717,0.0703875419302,-1.06141919333,-1.13049109811,10.1146875785
2030081000000,-0.00343126510356,-0.0150414363465,0.0507152664898,-4.11962860241,0.905123953303,11.1010851382
2030185000000,0.0032701686398,-0.0125649558866,0.0221782626586,14.6614097005,2.04116778688,9.61987228072
2030289000000,-0.0182249714295,-0.0133767091393,0.0176370027671,5.75070633736,-2.21704928616,7.70059449937
2030392000000,0.00264580558754,-0.0258749542044,0.0300499610039,-4.98290722331,-1.86797170299,5.42669736948
2030496000000,0.0216791869104,0.000761787030902,0.034921650361,-6.65887844392,-0.442222757171,8.71302795335
2030602000000,0.0315688499807,-0.00197948002321,0.0101983162648,5.97046912345,-2.848681297,9.3787492498
2030705000000,-0.0299807010432,-0.00429784193048,0.0238801122274,-4.51578465539,-2.28563570533,7.03401541736
2030813000000,0.0170967702059,-0.00293325892035,0.0108226919208,6.7473551514,-0.0192006267356,10.1415569769
2030917000000,-0.019791914373,0.00738969775656,0.00432371282623,-7.99363670235,0.467362402016,9.83376537926
2031021000000,-0.0170553902896,-0.00275779774063,-0.00304533186047,8.46479990081,-0.502555129001,8.89640047428
2031126000000,0.00715034952637,-0.038062552317,-0.0222326547016,7.08984195256,3.36975044603,9.37561839455
2031230000000,-0.0196648330784,-0.00508099107468,0.0197610391734,-2.16498442938,-0.714761104153,14.1491767928
2031333000000,0.00261600720041,0.0015830553607,0.0149610146364,1.49744517543,2.18938329434,16.12013012
2031437000000,0.0212954223703,-0.00323894649785,0.00490357532583,-8.43982942479,-1.17682581088,9.13074744604
2031541000000,-0.0340946683968,-0.027306781117,-0.014473334068,6.22349892923,2.46171587634,7.57964355673
2031642000000,-0.0102500183016,-0.0537711264233,0.000555145909059,-4.4625604732,2.21170028647,10.7506244413
2031746000000,0.0250877405414,-0.0404404314869,-0.00214203474159,5.75220968416,-2.75973782594,7.32162998052
2031850000000,-0.0365166965812,-0.0198579464061,-0.00448659305284,-8.64575383968,0.427715164273,8.62527742094
2031957000000,0.0368512197167,-0.0592150213169,-0.00181171097668,5.12626279476,3.20623989678,5.97776304632
2032062000000,0.0148192414355,0.00728233087152,0.000462155381114,-2.05168147644,0.609346597152,8.49649928835
2032166000000,0.0284433066325,0.00395185040597,0.00735192469146,-2.4753298581,0.685698354659,4.76237701756
2032271000000,0.0105004825675,0.000329133955297,-0.00288168456023,7.82475546498,0.00669144712553,10.2208785392
2032376000000,-0.0210302575908,-0.0175168766282,0.00353975834953,-1.54092754589,-3.47479712687,15.9362196003
2032480000000,0.0555608194654,0.0215495744247,0.0130584593427,-6.37004982584,-0.672845638349,8.817928402
2032584000000,-0.0217014971578,-0.0136900552875,0.0165834822311,-5.54170980581,1.33901051808,12.0208550748
2032687000000,0.0448161101295,0.00460804785139,-0.00047614109393,0.51082028233,-0.249598200017,4.76568858706
2032791000000,-0.0100067043696,-0.0262806752903,0.00388950201081,-10.4926077778,-2.75585733789,12.2539581405
2032896000000,0.00133651995608,0.0259286432218,0.00904686614024,-1.32380281248,-4.09169151946,9.01344243853
2032999000000,-0.0064445969996,-0.000873815584695,0.00660838117558,-6.50469573709,-1.11177798506,8.50683877551
2033103000000,-0.0215299831741,0.0011532024727,-0.00351817004411,4.1901164079,0.617890819679,10.3241635167
2033208000000,-0.00753963632712,0.0111276617972,0.00875623326226,-6.45474423596,-0.479683895698,11.4351494445
2033312000000,-0.0388310606972,-0.0449322423741,0.000711402787771,-2.7192995926,2.76490040868,13.6488924
2033415000000,-0.0167708383038,0.0017405871197,-0.00740087629564,5.42566366074,-0.725073561302,7.26821789248
2033519000000,0.0285451350361,-0.0406697443402,-0.00739553284326,7.24321908064,-0.410250971248,9.27364980723
2033622000000,0.0156121832724,0.0236193037474,0.00356155311061,-2.31363851319,-2.59149878749,6.02574452147
2033730000000,0.010736643645,-0.0395783925633,-0.00130281938201,6.08099965767,1.9233830379,8.19328471836
2033831000000,-0.0171667791552,0.00447951784739,-0.0150830354111,9.23547064609,1.16302758233,9.38001019973
2033936000000,-0.000798316459957,0.0109794774534,0.00621563558503,-5.66492646533,-0.675461343393,8.51379255483
2034040000000,0.0376468079178,-0.0156798511074,0.00454654644485,14.1960837963,-2.39183959118,12.3601947633
2034143000000,-0.0115323574229,-0.0356535569051,0.00365416685133,8.66648519461,-1.19694002734,9.72676740236
2034246000000,-0.0837115536115,-0.0383426883719,-0.171746402834,11.7696748239,-1.1852572055,8.13991310749
2034352000000,-0.00306750732834,-0.0776898432246,-0.575704606189,-2.74971762225,-4.82582516773,6.08847209012
2034456000000,0.102574454029,0.027909196391,-0.457123680016,3.21424594216,-0.0101494650266,9.55795901961
2034559000000,0.0295914751151,0.0313310663102,-0.545765808307,11.9332926851,-0.964939538927,9.22222810918
2034664000000,-0.0343392018771,0.0516362260696,-0.399301482334,26.279574635,-5.97408993075,25.033156177
2034767000000,0.028879016689,0.0101092894974,-0.0443439472343,7.5079827265,-0.63089295176,10.0920662508
2034872000000,0.0681549367361,-0.0282845858359,-0.120711531166,16.6354802573,-3.86173587893,10.3439839948
2034976000000,0.0112952534155,0.00914215844046,-0.0610048931582,-0.282998106358,-0.967570171452,10.7444022997
2035080000000,-0.0262779444722,-0.055738200215,-0.0283225701887,-4.47311511851,1.13495253063,11.1481485445
2035184000000,-0.0473616783547,-0.0897817456466,-0.0148529317697,-10.807984379,1.46009512326,8.34669545753
2035288000000,0.0138924618275,-0.00301787621904,-0.00600369547331,-0.00779581599294,0.868641138548,7.16460539276
2035391000000,-0.0154541104862,0.0067516269594,-0.00807671807218,0.424970983727,1.90030922179,11.4992536077
2035498000000,-0.0028567100076,-0.0477177546454,-0.000986777618072,-3.7985236912,-2.37808769598,11.7779611942
2035604000000,0.058697634918,-0.0366582996427,-0.000577594009524,1.41696665737,-0.363506376378,14.4256453217
2035706000000,-0.0125273352518,0.0582384168105,-0.000456764953395,8.6288604156,1.58022617245,23.3285458042
2035812000000,-0.0326877276464,0.0158086908202,0.00471580771842,4.55707302729,0.693934198098,7.78209783339
2035916000000,-0.004945789678,0.0312853085453,-0.00336610605805,0.718985822454,-0.393481859265,5.38250321203
2036019000000,0.0121606225885,0.0131484729075,-0.0137089191163,-5.21862337402,1.09895340454,-0.0641825294182
2036124000000,-0.0555267433407,0.0863429522872,0.00319095344982,6.12611613655,-3.26201835767,14.8519286156
2036228000000,0.0231721331795,-0.0543083504712,-0.011381129855,-4.28193681308,-0.614995259294,-0.272572441844
2036332000000,0.0476248522389,0.109733095902,0.00435145168499,12.2000218936,-1.72908050604,20.7751849006
2036437000000,-0.0368729492278,-0.0168383381831,-0.00396712919444,4.36606839283,-0.813050401098,3.3517853243
2036540000000,-0.0044155591145,-0.0164425855043,0.00266965041271,-7.78099546058,1.47650064877,1.01970040494
2036645000000,-0.00247678917409,0.00168333533906,0.0028548075443,-3.25664943324,-0.150076560164,1.97953386864
2036748000000,0.0352011924367,0.00236440945912,0.000705960980906,0.126005670595,0.629188978006,6.50288038123
2036853000000,-0.0203102272192,-0.0213289332027,-0.000222896623739,-4.93396531565,1.59392493624,3.88848812602
2036957000000,0.0141101898589,-0.0473435752916,0.00855088773517,-0.0438793333811,-2.0219493398,10.2248290029
2037061000000,0.0586664444986,-0.0456006265318,0.00569421448464,-0.766929459293,-0.249734639629,5.21527489645
2037165000000,0.0173461520201,-0.0101865508948,0.0016378478869,-0.246640055758,-0.352257915564,9.67672981768
2037268000000,-0.0639639406935,0.00691307668246,-0.0101887209637,-0.24429631101,2.7325256728,8.49785532228
2037376000000,0.0451035371515,-0.03068692034,0.00267126021848,-3.06800966916,-4.38841920043,15.6536860302
2037476000000,0.0844250688888,-0.00838354700263,-2.47443929638E-05,4.47943339022,0.624808978324,8.20228029472
2037581000000,0.203122425033,-0.641388231806,-0.0284341733396,-1.3491350532,-0.390181003375,28.6777424927
2037685000000,0.201386385606,-0.38923198567,0.0128994167119,0.102736832028,0.0497634901824,-0.0734063542917
2037788000000,0.114840780147,0.0889269443135,-0.0114203500897,3.12457513492,1.89651351856,3.40171829029
2037893000000,0.0379802556229,0.502017887439,-0.00903617891584,0.0639579595683,-0.0131540003702,-0.151808038091
2037997000000,0.573264395591,0.584081877128,-0.0416548568544,0.167181440613,-0.238944137675,-0.348207202204
2038102000000,0.453573501176,-0.462714885037,0.066271374488,-3.83002129698,3.6881344513,-0.444256496144
2038206000000,-0.191629181024,-0.570832791335,-0.0306697529033,3.19621009477,1.56349458123,3.20055537516
2038307000000,-0.349285856838,0.377037362877,-0.0927631207914,0.142057663761,0.0376779443904,-0.102366660548
2038415000000,-0.400260110596,-0.294459537575,0.0751955433837,-4.39482575629,6.51390644503,-0.10139984486
2038518000000,-0.81088813455,0.695380645423,0.0377518449848,-3.35585846533,3.09193202515,-0.918121433253
2038623000000,-0.438618940014,0.0156536993288,0.165364609072,1.98174429545,-2.98593042665,5.08782643382
2038726000000,-0.164675176595,0.0527008054665,0.0199215036165,4.877519006,-5.50793375263,14.2735397685
2038831000000,0.129118648239,-0.0760860934284,0.0156059233972,-7.44311274409,-7.69338320978,13.9061076975
2038935000000,0.395048258243,-0.0130214658904,-0.000369608121898,6.07287972658,-3.06735000488,7.14512894864
2039038000000,0.601310536247,-0.0235310502963,-0.020528257205,-10.2365153473,4.71862531387,59.7861396324
2039141000000,0.150614531599,0.0389349451319,-0.0141988771054,-3.45096639922,0.524457990446,-0.250015788699
2039247000000,-0.116844067262,0.00350117803924,0.0196634732967,-0.156146774149,3.35496047582,5.80874971495
2039353000000,-0.403989712238,0.0172748016914,0.000395737120825,-0.186149245775,3.40506174739,6.15169034006
2039454000000,0.0328952283305,-0.014926578385,0.0138271953012,-0.478679517636,-2.15218015774,4.319640394
2039560000000,0.0902417122024,0.00830659668768,-0.0225806142485,-0.102054569842,4.16246234999,8.38985888492
2039664000000,-0.0467226502352,-0.0325105557919,0.0143871008806,3.34810323612,-1.55993112947,15.3462721159
2039767000000,-0.0611058790725,-0.0342049566016,-0.0127905878113,-0.748436380462,2.76578998887,7.98363163413
2039874000000,0.0220914653922,-0.00690349721203,-5.32728805376E-06,-0.2714046532,-0.341985533781,10.2569272408
2039976000000,0.00394887465559,0.000973303378298,0.00359485989563,-0.648035170278,-0.46864464463,9.37845929562
2040082000000,-0.0250742545499,-0.00788898796662,-0.00545592944617,-0.467699869672,0.237309416208,10.3070462281
2040187000000,-0.00690985743618,0.0109589989679,0.000226091824448,-0.131212524324,1.41702036485,7.54851544456
2040290000000,-0.00560522763613,0.0118378628401,-0.00208046617703,-0.248144298016,0.0362130045494,9.80388339649
2040394000000,-0.00668780672114,-0.0465645858092,-0.000992796571237,-6.05816719148,1.09697295706,12.7051564049
2040498000000,-0.0221719513038,-0.0261883980649,-0.00259866405494,-3.33288378718,0.717508987823,1.00162342578
2040601000000,-0.0146573097794,-0.0216031483737,-0.00785069278235,0.209427265785,1.69158852837,15.001458055
2040705000000,-0.00726146103342,0.00471681833713,-0.00388119413629,3.6694071347,0.0992527263231,5.31493145321
2040810000000,0.0287584178699,-0.17109178435,-0.00314348084158,-20.3039186118,-2.71743695118,4.27195202192
2040914000000,-0.0122783424313,0.033802986036,0.00397134010958,1.8977900152,-1.77529758679,25.080353292
2041017000000,-0.017787998222,0.113965507537,0.00131860112092,16.5371810989,1.57114213881,25.5702646591
2041122000000,0.0113344971413,-0.00299985911812,0.000501882023167,-0.848326309177,-1.49782451372,6.62692158435
2041224000000,-0.00885863185081,0.00424360458305,-0.00563258742585,-0.629863170495,2.17741997927,9.75833444913
2041330000000,-0.0247013057925,-0.0148552215771,-0.000230701982157,-4.40884073945,-1.04051559474,7.07469748234
2041434000000,-0.0268588863696,0.0207163008944,0.000150196383472,-8.21109808804,-1.1210415055,-0.6161703975
2041538000000,0.0367703547721,0.0755760508183,0.00285649904106,1.77598398653,-0.0628747578348,8.42129325413
2041643000000,-0.0034335565767,0.071300716683,-0.000683184339156,3.16290170879,-1.55320048921,12.0128259505
2041747000000,-0.00917899178753,0.137409307185,-0.00639205183833,14.4178687752,-2.19225501856,20.0974314991
2041850000000,-0.00374727355849,0.0264906263005,0.000441602212456,1.63819352266,-1.99928486277,16.7472522514
2041954000000,0.0215424609083,-0.00677949683242,0.00148514349285,-0.147746969012,-1.11672539773,10.4070690067
2042059000000,0.0150155816707,-0.00781211423597,-0.00153563934133,-0.346193466405,0.464017185351,9.92842064519
2042164000000,0.0312023826419,-0.0703179074304,0.00212036364185,-6.00307011202,-2.04927714975,13.9169445172
2042268000000,-0.00876315120634,0.00555149950063,-0.000154222722822,-1.58682732212,-0.571740124897,6.66028974144
2042372000000,0.0302692132984,-0.000485078686793,0.00314406213593,-0.167844496352,-0.850251818315,9.35632402623
2042475000000,-0.0160531027235,-0.00244414796306,-0.00102859237132,-0.386936279752,0.106460911399,9.55739754058
2042579000000,-0.00127397364645,-0.00154958796388,0.00166795437337,-1.61927909216,-0.626862056938,3.42546561842
2042684000000,0.0186031166956,0.00366142340531,0.0102905912157,8.59178483791,-0.184215993423,8.14191067143
2042788000000,0.0153126795611,-0.087527870813,0.00182296026689,-4.93355496206,-0.265731112629,7.39312753319
2042891000000,0.0087690361954,-0.0184992958802,0.0068447923609,-0.388803103564,-1.82325230483,10.7307488985
2042996000000,0.179467332911,-0.358467668629,0.0455757107581,6.9164592585,1.29909411619,7.81702147962
2043100000000,0.11419202567,0.0172248884472,0.0295365689646,3.54879591827,3.2957635709,3.93237244252
2043204000000,0.0291685649874,0.439584037936,0.0199158938121,0.0499898548719,0.00479343978313,-0.106478040861
2043308000000,0.187475858091,0.168682860568,-0.168790404697,35.0209196181,-13.339243132,56.9731292084
2043412000000,0.276840227322,0.0637845806732,0.0603457797541,7.37998317171,3.13467291587,10.3499712336
2043518000000,0.201416366594,-0.0159289178545,0.0518812604127,-2.39085611615,-0.487225482014,11.5548456137
2043623000000,0.0866025800205,-0.368020713253,0.0291134109166,-13.2913054938,0.267283924831,19.0955788721
2043727000000,0.126204304845,-0.407776315407,0.0539203872244,5.2957879767,1.74014887434,5.97651057093
2043831000000,0.0739098936796,0.15213974539,-0.0221132740548,3.18619755874,0.918781904458,3.59130529307
2043935000000,0.0145503189528,0.68652445746,-0.0616696216173,3.21956036285,0.929924857191,3.26622949726
2044039000000,-0.580062880207,-0.416791000214,-0.0487817650945,0.0913850835055,-0.166176239497,-0.292069194501
2044143000000,-0.580835962322,-0.416208237742,-0.0239009689509,0.0468159894368,-0.183103754066,-0.321437418921
2044247000000,-0.453632342973,0.365289782283,-0.108996499409,4.14479039118,-2.46270365664,4.26375618074
2044349000000,-0.409167510433,0.913449456702,-0.0197209366023,3.37617422485,-1.16616018598,2.94430259166
2044455000000,0.385982130104,0.0244866546054,0.248717052319,0.0346039655126,-1.60910695358,6.90612070621
2044559000000,0.656800147114,0.000958758752334,0.0386419885906,0.0724187099402,-3.55574586649,7.95156998583
2044662000000,0.336422004041,0.0201453108859,0.0351949277839,0.0079118633935,4.87419930084,8.07687659288
2044766000000,0.0104797900729,-0.101335049284,0.0314041054109,-13.0316807674,5.69081102678,5.90637026226
2044870000000,-0.281399140667,-0.0989655616758,0.0157260596129,5.83406767084,4.41057089476,9.99177697273
2044975000000,-0.398020607626,-0.00905007611219,0.0234388283028,-1.38837900727,-9.12044127691,42.0197661908
2045081000000,0.0385095202638,-0.145735685803,0.00405122638259,-21.7211732922,-4.13913281752,-1.437167128
2045185000000,0.0730233119888,0.0928206382615,-0.0246680336433,10.0356815723,5.97255210858,24.8814709214
2045290000000,-0.0217322184104,0.0100213198761,0.00573578370631,-2.13115387297,-3.12059745022,7.72015032181
2045394000000,-0.0420813291189,0.123114578987,-0.00732564354459,3.06698959132,-3.12359978848,23.0475261584
2045498000000,-0.0143531479881,0.00903714181644,-0.00626820154608,-0.342851914053,-0.156351155527,21.6879329278
2045603000000,-0.012681636507,-0.00537502231461,-0.00119339383938,-3.23322174602,-0.84973344808,2.36011700749
2045705000000,-0.0160392887715,0.00795258847147,0.00106867143748,-0.389450725731,-1.16746459301,9.7258304313
2045810000000,0.017987137767,0.0380467816025,0.000186311205274,1.41369353343,-1.67871274646,14.1366071505
2045913000000,0.0191109951722,-0.00893771559745,-0.00074865695061,-3.48943766392,0.406237507051,-0.170025463135
2046017000000,0.00337937700981,-0.00807476013897,-0.000159783069941,-1.63810419095,0.669206196649,8.13551228273
2046123000000,-0.017075036503,-0.0139639603768,-0.00142581756163,-0.036656183493,0.626750731379,8.49411728553
2046227000000,0.0423981152779,0.00648569230015,0.00487923730861,-1.09665357682,-1.24190640168,10.0747434481
2046330000000,-0.00113324477327,-0.0149061636624,-0.00202597879452,-0.0112043670201,2.92379435901,7.75890969417
2046435000000,0.000548813496525,0.0164595312073,0.00487075421643,2.64861544937,-0.598848818757,8.58728473243
2046540000000,0.0139624642831,-0.0831685361522,0.00807963374122,-7.21829799738,-3.67357360442,11.5188795406
2046645000000,0.0170293191697,0.00590291257789,-0.00726128789776,-0.0885108455042,0.152683709428,8.40081831668
2046748000000,0.0236682375611,-0.014202606542,0.000392193523603,-1.23702078356,0.184168043175,9.80200305451
2046852000000,0.167970973333,-0.71628232657,-0.0236077040051,4.52431306884,1.90047064285,18.1481253452
2046954000000,0.144292087118,-0.411577684366,-0.00611143213871,0.0981480568701,0.0452217812079,-0.0816191232058
2047061000000,0.0577728453843,0.020238293002,-0.0127699225811,3.36956047906,1.04144482538,3.50747464549
2047164000000,-0.0284378667064,0.572406490399,-0.0165006806583,3.05535728871,0.617742262659,3.17061459492
2047268000000,0.435685412027,-0.865012943569,-0.0424757602317,0.293287345456,0.292581886623,-0.575913261784
2047372000000,0.612800204238,0.295273147134,-0.0293463441961,-2.78842945392,-0.139451616472,-2.05503527617
2047477000000,0.552542607003,0.330128751682,-0.0590921503717,-7.3931879647,14.3934367056,7.95408098965
2047581000000,-0.134850053428,0.773341577078,0.0379040257329,12.0601437311,4.56637273158,16.0609188627
2047685000000,-0.255053521776,0.236369907512,0.0304498599039,-3.52243250662,0.301234321733,-0.268990080213
2047791000000,-0.319724918426,-0.319811377361,0.0932440572267,-3.3729484419,1.04851354792,-0.296144371029
2047893000000,-0.668716826151,-0.0300743127545,-0.066569665551,1.27719036012,0.865957472192,5.88931890118
2047996000000,-0.953244330336,-0.0431995405031,-0.0492473074318,-1.79189952975,1.84402531545,3.88268289348
2048099000000,-0.369203306582,-0.0230089573135,-0.00549540300126,0.0158764618796,-3.81785831443,5.58114633556
2048199000000,0.288794463566,-0.815917122096,-0.0292556050662,-6.02099286332,-4.97188866301,9.94651668699
2048308000000,0.348325247821,-0.0991376153408,-0.0208683008128,19.3889834474,3.06729403003,21.1563003975
2048412000000,0.275624830268,0.498122985516,-0.037336551832,10.4537251361,1.79736152695,11.5381439031
2048511000000,-0.204845999572,0.901582395927,-0.190176999407,5.53517707495,-2.92928855332,5.30568780796
2048617000000,-0.134403814404,0.457160195094,0.120568585509,0.11536942498,0.0983688920535,-0.0880386160239
2048720000000,-0.208058479982,-0.257268261762,-0.043357597475,-3.5277974755,0.562713684761,-2.30026140322
2048823000000,0.263128893926,0.109600726202,0.0369658213271,8.90350920203,-8.96778238909,26.300612028
2048927000000,-0.025367072479,0.0392344171372,-0.0290201548621,-0.464670122518,1.22502552203,4.72173173016
2049030000000,0.0127455223168,-0.0356723419777,0.00237873564976,-2.29996677509,-1.05871082883,2.17591083846
2049137000000,0.0254392184055,-0.0158931291029,0.00119169738722,-0.437289588368,1.09600715887,9.41608249386
2049240000000,0.276382114209,-0.727843176738,0.00538117014256,-9.58626939912,-0.76393199365,-0.770342116872
2049345000000,0.189478674097,0.0833525213702,-0.0349572622519,5.74521933666,0.779865328949,7.1623929922
2049450000000,-0.0998931754215,-0.0177069803837,-0.0494560912061,-5.64805884295,3.41061770506,4.17683859808
2049552000000,-0.17624108446,0.730324245164,0.0625430220855,-2.73873412752,-0.870357931534,4.03486891677
2049658000000,-0.277796631044,0.352970108752,-0.015611759914,-5.29600377128,1.33520482362,0.468872910909
2049764000000,-0.22492348761,-0.356994020391,0.0602168116146,-5.29233122257,-1.31902205162,0.520724674357
2049869000000,0.253437145914,0.039070443048,0.0588345939409,-7.39750673205,-2.09333185851,0.671989955985
2049972000000,0.00786550332735,0.0713880843336,-0.0762066364805,4.16347351439,6.23163459237,25.6551049539
2050077000000,-0.0223411450525,0.00196021309343,0.0280881286887,-6.59216566358,0.455164743152,10.2846528119
2050180000000,-0.00103125417031,0.00721155197191,0.00865210898485,-7.53622609632,-0.878307870192,10.0729416574
2050284000000,0.00540871218591,0.0264295758604,0.0180544143104,4.62787971512,0.516141246182,5.26836756846
2050389000000,0.0191736276849,0.0263182337921,0.000672839411638,-6.01507705995,-0.724477484263,6.91095710372
2050493000000,0.030978856977,-0.00146951825668,0.0089878199092,-8.40544181724,-3.28250551469,15.4560832899
2050597000000,0.0133140246035,-0.0227890910978,0.0104786929041,6.27922565322,0.0129595692495,6.33809350203
2050701000000,-0.00148520938517,0.00231689540181,0.00512189254463,-6.40786602467,0.533647262741,9.97809351538
2050808000000,0.0225300587027,0.0423813971405,0.00273831590738,-3.03512115844,0.462844137784,10.8612671139
2050911000000,-0.00792472103144,-0.0317634004342,0.0043519322253,-2.69540600951,-1.62448370641,13.9200738642
2051015000000,0.0310653881268,-0.00211822025176,-0.00448746879319,4.71015384494,-0.266528669677,10.1428274026
2051120000000,0.000364647346287,0.0537546875578,0.00505954496239,-3.13033205357,-0.108396705337,3.31929900968
2051223000000,0.0334472608359,-0.0052557727335,0.00420750781786,-3.77111484558,-0.579779851178,10.0201376522
2051328000000,0.0484462291702,-0.13282556867,-0.00116152893165,-8.54042610703,-1.63711514665,11.478183702
2051431000000,0.0562211805185,-0.21087356028,-0.0109497507196,-4.63671082333,-1.03611492997,18.3853038806
2051536000000,0.0684028188759,-0.18516323335,-0.0147190811184,0.9615672425,-0.136098472727,10.7113655666
2051639000000,0.0466363234477,-0.0635519490689,-0.0258600894026,0.394857227558,0.797498863986,1.79554977628
2051743000000,-0.179726893576,-0.206351127457,-0.0752715195533,-5.61627028861,0.542319483818,3.92822392212
2051848000000,-0.247355561101,-0.123687042638,-0.00332569222415,-1.82960806407,0.744502256363,12.4245545848
2051952000000,0.0681296750913,0.0222459090639,0.0502205180401,-3.74315222431,-1.41600702746,9.17997746832
2052055000000,-0.0260459869839,-0.0413097105348,0.00456839419885,-8.71639583133,3.18849741049,10.5077016975
2052160000000,-0.00436293206189,-0.0197817264337,0.0219572123508,-2.01183492873,0.0906558623537,8.94330519988
2052264000000,0.0146687724045,-0.00654377061874,0.014090682308,3.97158807992,-0.235807271274,10.6604525154
2052368000000,0.0728238977503,0.2529984339,0.00608723627785,7.2656153405,-0.730308968185,8.45054874457
2052472000000,0.074130534312,0.16777602963,0.00502618816626,-1.78176587288,0.0730442111216,9.03321622281
2052576000000,0.0985588652898,0.150512366795,0.0238752671951,-1.41966005873,0.565524647872,2.32090017717
2052681000000,0.0518308678812,-0.0304686511435,-0.000568783938691,4.25540642615,-0.504818545518,10.9503965588
2052787000000,-0.242241243452,-0.000596596958449,-0.0240382381788,-5.31632057707,1.35317538377,0.761402110991
2052890000000,-0.0527882914022,0.0311146715869,0.00963838449918,7.16165627949,-6.20560229811,12.1631227539
2052993000000,0.0185175390297,0.0146727186033,-0.00899633637779,8.41429645704,1.93946863141,12.69434237
2053098000000,-0.0247153342118,0.00383496811199,0.000203083365855,-7.76232710924,-0.126257299809,9.92164145559
2053202000000,-0.0546827913295,-0.00858201736901,-0.00753659427865,10.1044750216,2.12417106782,10.3707978016
2053305000000,-0.00203374930495,-0.0242058464332,0.00362552898483,-9.15469330559,2.45876509047,15.9608904378
2053410000000,-0.0156493821189,-0.0116518972362,0.00334811922779,11.0542510014,0.114720787751,10.1330156439
2053515000000,0.0267883009872,-0.0423501287662,-9.47001844876E-05,3.51928325886,-1.10596051552,9.87857433622
2053618000000,0.0405519506221,0.0566791860564,0.00701132929693,4.06820360878,-3.66945480894,12.9855272296
2053723000000,-0.0108622266976,-0.0213824327731,0.00260513955191,0.157045833586,-0.593970324772,8.14827263497
2053828000000,-0.00117738288332,-0.0311932352702,-0.0930334545172,4.00742959791,-1.88788729961,6.79730524183
2053931000000,0.00145399074662,-0.00541086380885,-0.0832408507787,12.397008325,-0.0137909876056,10.3891598053
2054032000000,-0.0461296940502,0.0316342050364,-0.115883461804,14.8082929859,-0.567295646675,13.5479584142
2054142000000,0.0455714726637,0.00456045868157,-0.0113412362876,6.45924144012,0.947010275332,10.5338690016
2054246000000,-0.110922772292,-0.00642617254846,-0.0371905756832,-0.122761183534,-3.06131852551,6.55924945352
2054350000000,-0.0068181805339,0.0133847413418,-0.0130344347663,-0.276725845972,-2.48882188587,9.79830048658
2054453000000,0.0358452432882,0.00617027745034,-0.0177483778919,-0.269982618867,0.134969070488,10.1045398267
2054558000000,-0.0287484966933,0.00720856783542,-0.00286355183669,-2.39704230931,-0.681179949709,2.87423505005
2054661000000,0.00266626671614,0.0012384963327,-0.00408863018321,-0.277722528826,0.135683373551,9.7794319527
2054766000000,0.0354090812003,0.0118998625523,0.00718773160726,0.6451209288,0.109042411215,5.17543214096
2054869000000,-0.00475350511466,-0.0356080115938,-0.00151570416435,-2.95999146105,1.34994020478,11.9720944276
2054970000000,-0.0343306362604,-0.069642462277,-0.00357046816181,-5.33618419269,1.80149653004,12.5646073866
2055071000000,-0.0210413868742,-0.0304042510345,-0.000235730737676,-2.78964289223,-1.00781094878,27.6711505617
2055175000000,0.0851171363806,-0.0039055628509,-0.0091175897095,-3.93186607369,-0.495462309794,6.44131569245
2055280000000,-0.0600420566747,-0.034095927428,-0.00583264433662,-3.49866223463,3.30808543473,16.9238018305
2055385000000,-0.0723201738571,0.00312882697966,-0.00467249134732,1.45983839636,1.38733013187,13.4463887707
2055489000000,0.104411219115,-0.0759415151357,-0.00403241839504,-4.94148215001,-3.33005903211,15.4113181905
2055592000000,-0.067382926709,-0.025710363408,0.000950363790121,4.66177534702,0.208478338599,8.47752008037
2055696000000,-0.0789784555349,-0.573911924972,-0.0353406799011,-14.9354934827,1.0206453182,41.6822198837
2055801000000,0.0864713554839,-0.483354844364,-0.000393674067796,16.1132095478,2.74541914278,17.819699153
2055905000000,0.00876043838861,-0.102257291415,0.000641058122928,8.51558011181,2.28710508001,9.18069318514
2056009000000,-0.0681075901499,0.304272801083,0.0051385689406,3.16068480275,0.602500031781,3.44799415548
2056112000000,0.0146637350258,0.663013503806,-0.00345125980638,-1.20608024125,-1.0786636527,9.51861632806
2056217000000,-0.0397438584089,0.292544152552,-0.0166185500756,-2.74200683221,0.470974217965,-0.156805525032
2056321000000,-0.00321833795501,-0.40756794962,0.0113099671235,-2.93528402873,0.252696438929,-0.24443156778
2056426000000,0.00840831370822,-0.0119608697543,0.00551168884341,-2.24579628143,-1.78217682213,4.284547327
2056528000000,-0.000165382448496,0.0132327637715,-0.00465133104797,-5.77749862676,0.860784399407,-0.401099091745
2056633000000,-0.0707781999409,-0.114438327526,-0.00709168333794,-8.96504507908,4.58965039743,13.173850372
2056737000000,0.0300457122442,0.0103322097346,0.0153408820031,1.30175237274,-0.747123794525,5.29736199822
2056842000000,0.0249320833208,0.00782433165008,-0.00478482429564,-0.551737035106,2.47379011605,7.17014810689
2056946000000,-0.0205823071025,0.0280451154092,-0.000501045117597,-0.258225067128,-0.342401271187,9.79849023804
2057050000000,0.0222320604355,-0.0270784193252,0.000149557324308,-5.14256791693,-1.08917493033,10.1260495873
2057153000000,0.000378016571381,0.00124455740635,-0.00501217693396,-0.991242969657,0.208741115848,6.17465455663
2057257000000,0.00506148540814,0.00147870196146,0.00206265409403,-0.417704828368,0.525742649078,9.06056567467
2057362000000,0.00665777033136,0.0017079692177,0.00332144165558,-0.429881698531,0.633237721577,8.38233633259
2057465000000,0.00358529981194,-0.00379827984516,-0.00578107602943,-0.739760923927,1.02976846252,10.1714101976
2057569000000,0.0190140399643,-0.0202499777543,0.0101602840473,-5.07524835281,0.308270282024,1.67292230033
2057674000000,0.0160095507768,0.0020526645673,0.00303235761914,-2.58346775359,0.261573202827,4.82083172943
2057777000000,0.0350346138142,-0.0187723572309,-0.00405684581768,-0.551360381215,-0.0617222735701,10.1471288318
2057882000000,0.0305289983005,0.00832527112994,0.00666169939302,6.65107380643,-0.269314317983,7.5877588035
2057985000000,0.152902676673,-0.606153667423,-0.0331178472963,3.85471017851,0.898833273667,3.79197451775
2058089000000,0.0830753215096,-0.0852837129822,-0.038370840434,3.23521754149,0.647566016124,3.60476900785
2058197000000,-0.0317334968192,0.371033156759,-0.0232773006116,3.67121368443,1.29819304541,4.03657581987
2058301000000,-0.164371265612,0.832134009035,0.0426877043741,4.63944831785,-2.37029867296,14.8317147901
2058404000000,-0.166137784227,0.0612317928762,-0.0281490778595,-2.49729485997,-0.289140865242,-0.13614826763
2058509000000,-0.0988390165716,-0.456839684529,-0.0504471477524,-3.34848946706,-1.56429197179,-0.330114333101
2058612000000,0.243661317698,0.0288391025743,0.0366647659573,0.581583042172,11.0958356906,38.2109296299
2058716000000,-0.0919309394066,0.00144844431069,-0.00314019594095,-0.246952439614,1.91964424823,5.67110020257
2058821000000,0.0189150394606,-0.00419711701798,0.0086503304076,-0.0726249161008,-1.56849223901,9.41329705613
2058928000000,0.0123705342335,-0.0088940791727,-0.00140318312782,-0.65618073496,2.60148245099,8.03248892439
2059032000000,0.00745680584244,0.00857773649114,0.0127607906471,-3.19974909527,-0.571356335013,1.1423885097
2059136000000,-0.0209943071036,-0.0112207340052,-0.00354504871219,-2.24873609755,-0.155672916838,9.88788492997
2059239000000,0.0540573240162,-0.0373542597478,-0.00692313460113,-0.366530006468,0.658117263554,11.067732294
2059343000000,0.196121461021,-0.71249989855,-0.0174241738861,5.79088385644,2.02181913519,6.28311359769
2059448000000,0.152657522155,-0.31438779277,-0.0108411409539,0.0727905708626,0.0344952601038,-0.0301216381176
2059552000000,0.0828046425916,0.245800167408,-0.0281963849226,3.19051095473,0.601395325805,3.55896429015
2059656000000,-0.14847072506,0.543078023876,0.0938306256487,-9.34638796013,7.49471818751,53.8475117075
2059760000000,-0.123272756057,0.446826633306,0.105005756383,-3.15310550898,-1.80184604491,-0.294913886505
2059864000000,-0.191968752089,-0.233627940179,-0.0754536774808,-3.00600972846,1.45238367749,-0.273247379345
2059968000000,0.261647768788,-0.0837721487922,0.0223623574224,15.3296471758,-6.68265208413,28.3261074998
2060073000000,-0.0714020588308,-0.0390557156106,-0.0347659035888,-0.347140498684,0.357226948095,5.81414020041
2060177000000,-0.0108338920493,0.0377374578019,-0.00716860522029,-7.36843076122,-0.801601590993,-0.534597859459
2060282000000,0.0193375624222,0.00341988789333,-0.00605088882281,-1.87042872313,0.083382689462,3.99238545314
2060386000000,0.0803198671195,-0.0422913173296,0.00205256686551,-0.766191692685,-1.0521327519,6.46779918874
2060490000000,0.179483597671,-0.539096113741,-0.024563323144,2.90862510948,0.298628949076,14.1392531157
2060593000000,0.166379513163,-0.232229341615,0.00550080564903,0.0723922835398,0.0265027898377,0.012951873206
2060697000000,0.108773035833,0.272596773155,-0.0252892143221,3.22837933106,0.923991149135,3.56922127572
2060800000000,-0.102066784312,0.565642527175,0.0613610112291,11.4188934722,-0.960148763745,17.3294155451
2060905000000,-0.134926464834,0.422451550673,0.0369278449341,-3.26265252729,0.384682729097,-0.317409931977
2061008000000,-0.221182018178,-0.110925135036,0.0183957053324,-0.305707139689,0.0372326460577,0.0193508126128
2061113000000,-0.00330767461417,0.019300930248,-0.0543145590654,-3.45037949803,-2.29810874587,6.9759243495
2061217000000,0.0167010270478,0.000981062098102,-0.00915798332572,1.14381336923,0.756900444619,14.369162091
2061322000000,-0.000201843154998,-0.000170350079983,-0.0231399057264,-0.866205539097,1.06300934398,5.96421928675
2061426000000,0.0143043158055,-0.00752529351256,-0.010755523484,-0.313959752859,0.249065009052,10.0947323476
2061530000000,-0.0350099239602,-0.0559763587746,-0.0142437117658,-2.03492531595,0.820651191023,12.138222227
2061633000000,0.00961356992641,-0.0178021893665,-0.000358317550231,3.21337918172,0.156023406841,5.72933188004
2061737000000,0.0210585803974,0.114870698841,-0.00481098533322,7.21413372058,-1.09140567644,17.08741808
2061841000000,-0.00211149189362,0.00752076236909,-0.0015168924342,-0.622363146399,-3.66751813729,14.9090833027
2061946000000,-0.0314438902855,-0.0198185495034,0.000196450514422,-4.88341807746,-1.26593905717,2.59660962606
2062049000000,0.0369221290529,-0.0217621793479,0.00176520273347,-3.34037516916,-0.607544926139,-0.195693295198
2062156000000,0.0657978373053,0.0072246193944,-0.00526325194641,0.00349917643963,0.0340388494274,9.15389417111
2062261000000,0.180688517546,-0.566719340592,-0.0169373559214,0.638555556751,0.123986586566,4.75047655866
2062364000000,0.187610420223,-0.430066139329,0.00623034221018,0.113344948277,0.0531262678644,-0.0883839244961
2062468000000,0.11066977556,0.216416366588,-0.0265645061104,3.03749011068,0.923119698698,3.37132847674
2062573000000,-0.146660705577,0.616807570971,0.0638440426376,-16.3055398195,6.11457311231,45.4203057787
2062677000000,-0.129087081401,0.533128770748,0.0337992222298,-4.74597543913,1.24483953924,1.72730574218
2062781000000,-0.265507361788,0.0680230469113,-0.0636380182698,-5.30283145042,1.44565846033,0.907115596029
2062885000000,-0.17365223379,-0.776195241077,0.0457950396141,-15.0281239957,-1.85280609685,-0.343492633673
2062989000000,0.0515154724386,0.00520034365358,-0.0369729323462,-9.32283231261,0.851122887821,1.01145046572
2063092000000,-0.0323533417862,0.0297579057142,-0.00573733359184,-11.5757286126,0.613217341848,5.57943932197
2063197000000,0.00606700345642,0.00380327189748,-0.0020880630523,-9.24952056485,-1.04662446339,9.66680817973
2063301000000,-0.0211201489242,0.0419856345411,-0.00182491894243,2.80244412484,-0.627446502875,3.97363575054
2063406000000,-0.00367211206701,0.0295563669965,0.00196643793641,-8.96103661459,0.396438910761,7.35358423834
2063510000000,0.00388179110452,-0.00751875733434,-0.00197615955901,-6.39767891917,0.50289983869,9.54994747983
2063614000000,-0.0179665175004,-0.0230320047267,-0.00384328564672,-2.00424145539,0.227661571437,10.3303802097
2063722000000,-0.0168605525245,-0.0164014957892,0.0145437271697,-6.25866403529,0.39269232128,9.78954935829
2063829000000,-0.0170865842032,-0.0156567312598,-0.0010152423216,-7.98550095618,0.641722483054,4.93651812106
2063930000000,0.0140941453855,0.00654689746526,0.00309524772853,-4.5700184069,2.94998857231,9.47580258839
2064033000000,0.0191246362365,-0.00728924564881,0.00496465279015,4.59456721519,-0.833451065586,11.0279588733
2064137000000,0.0295078923106,0.00455180416401,-0.00751014371919,-4.55826548378,0.000922154427535,7.26515758659
2064242000000,0.00349025468536,0.115153740222,0.00974989666019,13.3799148696,1.72164058244,12.0304133701
2064346000000,-0.0186388858772,-0.00170877138907,-0.00651819457744,-7.95749116503,-1.1357146211,10.8648585885
2064450000000,0.00117971944066,-0.010506137692,-0.00418596407016,12.0288518175,-0.983937163956,9.8331221234
2064554000000,-0.0167306491377,0.0329783266884,-0.00175889597394,-6.22541884916,0.503985643059,7.18759290669
2064659000000,-0.0042306069713,0.0114711215986,-0.00625271939978,-3.59730513671,-2.28957047638,9.9430799542
2064763000000,0.0154726406817,-0.0175234001352,-0.00374731168929,-1.50656135026,-0.216465704661,8.84802800798
2064870000000,-0.0534575243866,-0.0165302704475,0.00756587382732,6.51454763028,1.27425605013,10.4316844517
2064973000000,0.0214637058651,-0.0125586431647,-0.00601870885011,0.0938129975592,-1.05535656554,9.18108038038
2065077000000,0.0251459516573,-0.00646763426029,-0.00511266366739,9.29356444321,-1.58078590228,10.2798619909
2065182000000,0.00487549539516,-0.0232027203811,0.0060012122249,-4.57470195055,-0.110407518317,4.7055510807
2065288000000,0.0178796029804,-0.0391787588286,-0.00352746962755,6.14290251431,0.509236295963,8.82758143584
2065392000000,0.0224752399272,-0.0123074614475,0.000877297245282,-3.87255540279,-0.756939571369,10.209994552
2065495000000,-0.0280270014446,-0.0315063475121,0.000209775832819,-3.95408316632,-0.652842320736,8.50261992874
2065599000000,0.00833583693254,-0.0239588892476,0.000930449202519,-3.33675665604,-0.481585144067,9.71086571706
2065704000000,0.0276476476454,-0.0428272405557,-0.00558379293812,0.0721850296738,-0.255951614025,8.98247972675
2065808000000,-0.00298510720468,-0.215260592814,-0.00423567611565,9.30712883951,-0.89659887275,10.9679940877
2065911000000,-0.0271740229244,-0.251925715236,-0.00247238776473,6.87507429594,0.307270539711,11.9698623132
2066015000000,0.0124913986736,-0.267245948492,-0.00899313474209,-13.3069256129,-1.50457193431,13.3444228848
2066120000000,0.0223022461072,-0.0351030764195,0.0126012600537,-10.3683718076,2.18725343462,14.1111891999
2066223000000,0.00496522854666,-0.040424276014,0.0052892318557,-1.00451167363,2.04751992456,14.1824661016
2066328000000,-0.0125976953481,-0.0132890397183,0.00364549702418,-3.92928618086,0.721723036096,10.1839997233
2066432000000,0.0247833667384,0.0104644114251,0.00226815308174,2.84171103099,-0.338953031562,16.548090759
2066535000000,-0.0192286653668,-0.0126095950658,0.00274825275649,5.01959556624,-1.11106506118,6.75238933071
2066635000000,0.0217785322733,-0.00345925341166,0.00614568246654,-3.60748248299,0.800144428992,10.4280545847
2066739000000,-0.130266832008,0.224076363766,0.00749008580374,7.13525305585,5.64829444297,8.62904691644
2066845000000,0.0166160932251,0.259869694881,0.0115408888155,-7.72678916204,-1.98140497002,8.41881480566
2066948000000,0.0409796316721,0.228842759655,0.0189536304556,13.9632661383,0.627580734126,9.54843924184
2067052000000,-0.0224099312939,-0.00132255134317,-0.00630042072433,-4.00944833006,-1.30132291857,4.79247279138
2067157000000,-0.031956561734,-0.000783033327019,-0.0014446730846,-4.81946038286,2.22266790701,10.0349383114
2067262000000,-0.0212880036402,-0.049268252668,0.00327634931048,0.856202389781,-0.0352007514113,12.412235623
2067366000000,0.00112606837123,-0.0105618297924,0.00310969839338,-5.71737108756,1.01198661876,2.61911147083
2067469000000,0.0455297148771,-0.0140288638533,0.274091754382,6.9525890148,8.43498548752,8.22453664343
2067568000000,0.00891682813675,0.0256331782345,0.574396200464,6.40154175394,4.01040656144,7.0425059819
2067677000000,0.0408282406839,0.00288224386713,0.988633322766,3.90381182778,13.1518599919,10.6424840246
2067786000000,-0.0480593989309,0.0312724258402,1.17504213947,1.69137257013,15.3342964493,13.5631255938
2067890000000,-0.0514577399326,-0.0556156528954,1.29348011537,6.49109295979,2.31044357794,2.01151018973
2067994000000,0.0251277304789,0.0076889567243,1.37248206882,-5.57134062629,7.34430312914,7.64746039544
2068099000000,0.019631120544,0.0568186682449,1.37198399382,12.339120015,4.18927756806,12.8440800297
2068203000000,0.0100276631921,0.107943192204,1.71661011928,5.56396121496,6.25800798653,4.83193069724
2068309000000,0.0489148436781,0.00919104464679,1.94002744927,2.45708071402,9.98744420552,4.85753739329
2068412000000,0.0168906603639,0.0287504758706,1.77210417543,-3.02077547056,16.7081512872,9.42507318427
2068515000000,-0.0484608128908,-0.0258070086551,1.59533063572,-9.61317980429,19.8174262175,10.5396377075
2068620000000,-0.0401138677326,0.293342991539,1.59458014568,1.10293795729,0.448911923417,0.0579630376252
2068726000000,-0.0171127396628,0.841195752213,1.15559045838,4.12467101599,8.39970312465,3.5060598085
2068832000000,0.255191633751,1.1541868737,1.37653016486,1.65288561142,1.5440007091,-0.910270371599
2068933000000,0.175968793105,1.65695906285,1.03970652021,1.76343180052,1.74572101458,-1.68356677017
2069040000000,0.0381039271151,1.67147320052,1.04653291547,1.44420221097,1.65728931991,-1.31612780747
2069144000000,-0.100733245938,1.68212389888,1.03802332653,1.54246513491,2.0462484988,-1.68814877277
2069244000000,-0.232905198509,1.688281463,1.01520979447,1.58295588301,2.41848202674,-2.08660521239
2069346000000,-0.365973582193,1.6918469063,0.977547670253,1.33470395415,2.26962705737,-1.69591522012
2069449000000,-0.515322681393,1.66352593869,0.931506055133,1.07114211314,2.24239595399,-1.74453248806
2069553000000,-0.653518866616,1.66953661736,0.86429495551,1.06796894739,2.38102740522,-1.76355417642
2069657000000,-0.768053732905,1.66794765295,0.787750304697,0.89486775427,2.31873623646,-1.91049657033
2069762000000,-0.865863811482,1.65511823505,0.700269524567,0.819396558729,2.25884511978,-1.98782101813
2069865000000,-0.950606905801,1.64339136425,0.603066050368,0.78462476225,2.17022082517,-2.06657239512
2069969000000,-1.02108680975,1.63420031135,0.497401573767,0.784394120882,2.05913340266,-2.14951974851
2070074000000,-1.07722713664,1.62797914751,0.384806981695,0.801480516827,1.93072569942,-2.24256221158
2070178000000,-1.12689653146,1.53266436201,0.273094990733,0.680740669851,1.68680164414,-2.18641455928
2070282000000,-1.15242045907,1.52253064237,0.162271521396,0.849233101117,1.65268970228,-2.71468675997
2070385000000,-1.16450756174,1.51719703587,0.0501456127175,0.845506231393,1.35535838938,-2.25425512184
2070490000000,-1.16318619603,1.51670141163,-0.0623543596056,0.94028517849,1.17843932086,-2.27856268165
2070594000000,-1.14850045548,1.52110635263,-0.174229911545,1.04688751509,0.994495647658,-2.29198063079
2070699000000,-1.12048501586,1.53013031447,-0.284435749568,1.37098617933,0.822235003009,-2.8743763136
2070803000000,-1.02606880585,1.54813341827,-0.397041571217,1.3575382993,0.532196154982,-2.17537194057
2070906000000,-0.969514670898,1.56031348822,-0.50275492295,0.988162347135,0.401945046836,-1.4525048506
2071012000000,-0.900113156951,1.56844060599,-0.605142335525,1.38051447309,0.116951740262,-2.19195856525
2071116000000,-0.819403117862,1.57625343247,-0.69918154,1.42668751092,-0.114637925141,-2.14171399052
2071220000000,-0.727291024396,1.58323806852,-0.784517216023,1.44110661759,-0.343198621837,-2.10252903514
2071323000000,-0.623645407633,1.58884775836,-0.860576233975,1.20140653163,-0.459820297094,-1.70465687682
2071428000000,-0.5128899265,1.59250104676,-0.924268665303,1.35670029475,-0.798202302084,-2.05083111889
2071533000000,-0.392386606397,1.59360966641,-0.976931546046,1.31045940942,-1.06690886052,-1.95900130767
2071636000000,-0.267382448631,1.59133609901,-1.01584859608,1.30369873751,-1.30295247057,-1.88185965202
2071741000000,-0.138635804716,1.58492717387,-1.04136542456,0.99705924588,-1.27610648658,-1.51203957061
2071845000000,-0.00825299574208,1.57409328094,-1.0531623642,1.03180363528,-1.65218595571,-1.92044813231
2071950000000,0.122915688806,1.5594076293,-1.05122601818,0.851026846816,-1.78704105537,-2.00345389562
2072054000000,0.248414187764,1.53660175108,-1.03521983255,0.606955076568,-1.8269871173,-2.08506777106
2072158000000,0.358158228634,1.4954586274,-1.00779651008,0.66034459664,-1.65713927731,-1.58568930107
2072261000000,0.456617476315,1.46976888358,-0.968174403814,0.783174206797,-1.83731960405,-1.87855466352
2072366000000,0.553755673611,1.46140887719,-0.918696748024,0.883777294165,-1.88174984046,-1.86468703484
2072470000000,0.647246151792,1.460706634,-0.855223117452,0.962385088258,-2.14790219962,-1.90010023645
2072574000000,0.735231125197,1.46576628489,-0.789393050383,0.91329339251,-2.03942966376,-2.04660003893
2072678000000,0.821286803123,1.45794264458,-0.711104938567,1.0691341153,-2.57667805676,-3.07323739953
2072783000000,0.898603938509,1.44820555102,-0.624617575367,0.992258676771,-1.99093106124,-2.16894593019
2072886000000,0.964558177353,1.43869299282,-0.532870377032,1.08071936888,-1.92518223923,-2.18840499306
2072991000000,1.01946253858,1.43000695361,-0.436149473848,1.18802463581,-1.84009121909,-2.18261736711
2073095000000,1.06300573957,1.42277642425,-0.335501858506,1.36505610703,-1.87899128446,-2.56766243949
2073199000000,1.09496894838,1.41737849499,-0.231901985074,1.42331412682,-1.61324845741,-2.10740707632
