rosbagTimestamp,data
1543949949034564533,"""$GPRMC,185909.00,A,4150.1497975,N,08737.5074670,W,0.060,18.2,041218,0.0,E,A*14\r\n"""
1543949950031439366,"""$GPRMC,185910.00,A,4150.1498078,N,08737.5074232,W,0.041,9.5,041218,0.0,E,A*21\r\n"""
1543949951031581938,"""$GPRMC,185911.00,A,4150.1498152,N,08737.5073965,W,0.016,265.3,041218,0.0,E,A*2B\r\"
1543949952035437737,"""$GPRMC,185912.00,A,4150.1497858,N,08737.5073534,W,0.058,98.7,041218,0.0,E,A*12\r\n"""
1543949953034321906,"""$GPRMC,185913.00,A,4150.1497851,N,08737.5073139,W,0.039,359.5,041218,0.0,E,A*28\r\"
1543949954035467582,"""$GPRMC,185914.00,A,4150.1497845,N,08737.5072488,W,0.054,89.3,041218,0.0,E,A*17\r\n"""
1543949955035210580,"""$GPRMC,185915.00,A,4150.1497741,N,08737.5072107,W,0.089,309.2,041218,0.0,E,A*25\r\"
1543949956039260978,"""$GPRMC,185916.00,A,4150.1497767,N,08737.5071862,W,0.033,79.0,041218,0.0,E,A*1C\r\n"""
1543949957038824761,"""$GPRMC,185917.00,A,4150.1499470,N,08737.5080137,W,0.072,176.9,041218,0.0,E,A*23\r\"
1543949958039434766,"""$GPRMC,185918.00,A,4150.1497981,N,08737.5073454,W,0.041,270.6,041218,0.0,E,A*27\r\"
1543949959035275443,"""$GPRMC,185919.00,A,4150.1498619,N,08737.5076253,W,0.084,303.0,041218,0.0,E,A*29\r\"
1543949960039322012,"""$GPRMC,185920.00,A,4150.1498924,N,08737.5077675,W,0.069,354.4,041218,0.0,E,A*26\r\"
1543949961043098864,"""$GPRMC,185921.00,A,4150.1498780,N,08737.5077084,W,0.065,306.0,041218,0.0,E,A*20\r\"
1543949962035202770,"""$GPRMC,185922.00,A,4150.1496910,N,08737.5068681,W,0.031,223.2,041218,0.0,E,A*22\r\"
1543949963042468507,"""$GPRMC,185923.00,A,4150.1497824,N,08737.5068521,W,0.066,131.6,041218,0.0,E,A*2B\r\"
1543949964035567286,"""$GPRMC,185924.00,A,4150.1497449,N,08737.5070730,W,0.041,322.5,041218,0.0,E,A*26\r\"
1543949965046081781,"""$GPRMC,185925.00,A,4150.1498173,N,08737.5067140,W,0.028,158.5,041218,0.0,E,A*23\r\"
1543949966043345143,"""$GPRMC,185926.00,A,4150.1497267,N,08737.5065050,W,0.154,56.7,041218,0.0,E,A*1C\r\n"""
1543949967042484500,"""$GPRMC,185927.00,A,4150.1497372,N,08737.5066800,W,0.107,352.4,041218,0.0,E,A*24\r\"
1543949968035333351,"""$GPRMC,185928.00,A,4150.1520047,N,08737.5055654,W,0.039,348.5,041218,0.0,E,A*2A\r\"
1543949969038083428,"""$GPRMC,185929.00,A,4150.1496845,N,08737.5066004,W,0.092,261.7,041218,0.0,E,A*27\r\"
1543949970035081493,"""$GPRMC,185930.00,A,4150.1496456,N,08737.5065201,W,0.035,78.4,041218,0.0,E,A*11\r\n"""
1543949971039271873,"""$GPRMC,185931.00,A,4150.1521594,N,08737.5054688,W,0.090,258.3,041218,0.0,E,A*2D\r\"
1543949972039480890,"""$GPRMC,185932.00,A,4150.1521927,N,08737.5055619,W,0.095,168.3,041218,0.0,E,A*26\r\"
1543949973035092335,"""$GPRMC,185933.00,A,4150.1495759,N,08737.5067125,W,0.080,109.9,041218,0.0,E,A*2E\r\"
1543949974035188075,"""$GPRMC,185934.00,A,4150.1495179,N,08737.5068912,W,0.104,325.3,041218,0.0,E,A*25\r\"
1543949975034076695,"""$GPRMC,185935.00,A,4150.1495024,N,08737.5069417,W,0.099,29.4,041218,0.0,E,A*19\r\n"""
1543949976039118415,"""$GPRMC,185936.00,A,4150.1494697,N,08737.5069773,W,0.047,189.2,041218,0.0,E,A*2A\r\"
1543949977047069354,"""$GPRMC,185937.00,A,4150.1523755,N,08737.5061973,W,0.124,125.8,041218,0.0,E,A*27\r\"
1543949978039193086,"""$GPRMC,185938.00,A,4150.1494276,N,08737.5069869,W,0.056,39.6,041218,0.0,E,A*15\r\n"""
1543949979038433881,"""$GPRMC,185939.00,A,4150.1494164,N,08737.5070499,W,0.054,175.4,041218,0.0,E,A*26\r\"
1543949980039999870,"""$GPRMC,185940.00,A,4150.1493902,N,08737.5070920,W,0.086,90.1,041218,0.0,E,A*18\r\n"""
1543949981038989149,"""$GPRMC,185941.00,A,4150.1493742,N,08737.5071645,W,0.068,242.8,041218,0.0,E,A*2A\r\"
1543949982039382352,"""$GPRMC,185942.00,A,4150.1493426,N,08737.5072169,W,0.105,300.9,041218,0.0,E,A*2E\r\"
1543949983038105048,"""$GPRMC,185943.00,A,4150.1495165,N,08737.5062397,W,0.076,352.2,041218,0.0,E,A*20\r\"
1543949984035083511,"""$GPRMC,185944.00,A,4150.1495209,N,08737.5062546,W,0.067,323.5,041218,0.0,E,A*25\r\"
1543949985030974073,"""$GPRMC,185945.00,A,4150.1495087,N,08737.5062449,W,0.025,308.7,041218,0.0,E,A*23\r\"
1543949986033979620,"""$GPRMC,185946.00,A,4150.1494964,N,08737.5062409,W,0.033,114.4,041218,0.0,E,A*2A\r\"
1543949987039016936,"""$GPRMC,185947.00,A,4150.1494981,N,08737.5062403,W,0.017,285.0,041218,0.0,E,A*23\r\"
1543949988038914886,"""$GPRMC,185948.00,A,4150.1494978,N,08737.5062516,W,0.018,328.1,041218,0.0,E,A*27\r\"
1543949989036069606,"""$GPRMC,185949.00,A,4150.1495102,N,08737.5062839,W,0.095,271.1,041218,0.0,E,A*2A\r\"
1543949990039993079,"""$GPRMC,185950.00,A,4150.1495175,N,08737.5062907,W,0.087,351.3,041218,0.0,E,A*2C\r\"
1543949991039157725,"""$GPRMC,185951.00,A,4150.1495372,N,08737.5063092,W,0.028,178.2,041218,0.0,E,A*21\r\"
1543949992035131494,"""$GPRMC,185952.00,A,4150.1495473,N,08737.5063196,W,0.097,152.8,041218,0.0,E,A*27\r\"
1543949993035133650,"""$GPRMC,185953.00,A,4150.1495688,N,08737.5063329,W,0.037,134.9,041218,0.0,E,A*2D\r\"
1543949994036006140,"""$GPRMC,185954.00,A,4150.1495917,N,08737.5063610,W,0.022,176.0,041218,0.0,E,A*27\r\"
1543949995035016323,"""$GPRMC,185955.00,A,4150.1496222,N,08737.5063889,W,0.036,36.3,041218,0.0,E,A*15\r\n"""
1543949996035818149,"""$GPRMC,185956.00,A,4150.1496603,N,08737.5064176,W,0.017,352.8,041218,0.0,E,A*26\r\"
1543949997033778236,"""$GPRMC,185957.00,A,4150.1496918,N,08737.5064510,W,0.072,157.6,041218,0.0,E,A*2C\r\"
1543949998034962617,"""$GPRMC,185958.00,A,4150.1497198,N,08737.5064823,W,0.044,321.7,041218,0.0,E,A*28\r\"
1543949999032463358,"""$GPRMC,185959.00,A,4150.1497520,N,08737.5065093,W,0.078,152.3,041218,0.0,E,A*21\r\"
1543950000030929455,"""$GPRMC,190000.00,A,4150.1497889,N,08737.5065451,W,0.045,194.2,041218,0.0,E,A*21\r\"
1543950001032153445,"""$GPRMC,190001.00,A,4150.1498086,N,08737.5065674,W,0.116,334.2,041218,0.0,E,A*22\r\"
1543950002030234674,"""$GPRMC,190002.00,A,4150.1498575,N,08737.5066223,W,0.078,317.0,041218,0.0,E,A*27\r\"
1543950003031300973,"""$GPRMC,190003.00,A,4150.1498571,N,08737.5066308,W,0.102,111.9,041218,0.0,E,A*2B\r\"
1543950004037900832,"""$GPRMC,190004.00,A,4150.1498830,N,08737.5066445,W,0.108,160.0,041218,0.0,E,A*2F\r\"
1543950005035076228,"""$GPRMC,190005.00,A,4150.1498281,N,08737.5070921,W,0.062,43.1,041218,0.0,E,A*1A\r\n"""
1543950006038955353,"""$GPRMC,190006.00,A,4150.1499153,N,08737.5066712,W,0.089,240.8,041218,0.0,E,A*20\r\"
1543950007039156275,"""$GPRMC,190007.00,A,4150.1494502,N,08737.5094094,W,0.025,213.8,041218,0.0,E,A*28\r\"
1543950008039248662,"""$GPRMC,190008.00,A,4150.1493507,N,08737.5099899,W,0.045,169.7,041218,0.0,E,A*2A\r\"
1543950009043511287,"""$GPRMC,190009.00,A,4150.1499382,N,08737.5066926,W,0.024,356.1,041218,0.0,E,A*20\r\"
1543950010041876499,"""$GPRMC,190010.00,A,4150.1493864,N,08737.5096793,W,0.085,112.9,041218,0.0,E,A*2F\r\"
1543950011043892108,"""$GPRMC,190011.00,A,4150.1493191,N,08737.5099944,W,0.099,260.4,041218,0.0,E,A*20\r\"
1543950012034828314,"""$GPRMC,190012.00,A,4150.1492852,N,08737.5101389,W,0.043,167.4,041218,0.0,E,A*2C\r\"
1543950013035965464,"""$GPRMC,190013.00,A,4150.1492997,N,08737.5100008,W,0.062,85.2,041218,0.0,E,A*16\r\n"""
1543950014042648371,"""$GPRMC,190014.00,A,4150.1492923,N,08737.5100467,W,0.040,357.6,041218,0.0,E,A*2B\r\"
1543950015042682036,"""$GPRMC,190015.00,A,4150.1490469,N,08737.5096373,W,0.168,250.3,041218,0.0,E,A*2F\r\"
1543950016042684379,"""$GPRMC,190016.00,A,4150.1499544,N,08737.5071454,W,0.038,337.6,041218,0.0,E,A*21\r\"
1543950017038912414,"""$GPRMC,190017.00,A,4150.1499167,N,08737.5070755,W,0.076,358.8,041218,0.0,E,A*2B\r\"
1543950018038744533,"""$GPRMC,190018.00,A,4150.1498986,N,08737.5070582,W,0.091,92.7,041218,0.0,E,A*19\r\n"""
1543950019040081669,"""$GPRMC,190019.00,A,4150.1499631,N,08737.5074183,W,0.108,63.8,041218,0.0,E,A*1B\r\n"""
1543950020038458686,"""$GPRMC,190020.00,A,4150.1499702,N,08737.5074791,W,0.012,54.5,041218,0.0,E,A*16\r\n"""
1543950021042116340,"""$GPRMC,190021.00,A,4150.1499785,N,08737.5075988,W,0.097,214.6,041218,0.0,E,A*27\r\"
1543950022037925427,"""$GPRMC,190022.00,A,4150.1499430,N,08737.5074793,W,0.165,323.6,041218,0.0,E,A*25\r\"
1543950023038465388,"""$GPRMC,190023.00,A,4150.1499066,N,08737.5073830,W,0.060,278.6,041218,0.0,E,A*29\r\"
1543950024038509250,"""$GPRMC,190024.00,A,4150.1498817,N,08737.5073514,W,0.011,184.5,041218,0.0,E,A*2F\r\"
1543950025042775047,"""$GPRMC,190025.00,A,4150.1498810,N,08737.5073902,W,0.085,264.5,041218,0.0,E,A*22\r\"
1543950026042725051,"""$GPRMC,190026.00,A,4150.1498694,N,08737.5074288,W,0.050,20.4,041218,0.0,E,A*16\r\n"""
1543950027042376175,"""$GPRMC,190027.00,A,4150.1498303,N,08737.5073285,W,0.116,124.5,041218,0.0,E,A*21\r\"
1543950028039560366,"""$GPRMC,190028.00,A,4150.1498071,N,08737.5073093,W,0.160,229.5,041218,0.0,E,A*22\r\"
1543950029038513271,"""$GPRMC,190029.00,A,4150.1497957,N,08737.5073222,W,0.090,60.7,041218,0.0,E,A*1A\r\n"""
1543950030042440817,"""$GPRMC,190030.00,A,4150.1497450,N,08737.5073178,W,0.454,187.3,041218,0.0,E,A*24\r\"
1543950031036384474,"""$GPRMC,190031.00,A,4150.1493131,N,08737.5066285,W,1.846,168.2,041218,0.0,E,A*28\r\"
1543950032035548415,"""$GPRMC,190032.00,A,4150.1478377,N,08737.5070450,W,3.517,181.7,041218,0.0,E,A*2E\r\"
1543950033034729755,"""$GPRMC,190033.00,A,4150.1475071,N,08737.5065276,W,4.285,175.7,041218,0.0,E,A*21\r\"
1543950034038361477,"""$GPRMC,190034.00,A,4150.1455464,N,08737.5068792,W,4.742,174.0,041218,0.0,E,A*2E\r\"
1543950035035713038,"""$GPRMC,190035.00,A,4150.1441165,N,08737.5067894,W,5.193,174.8,041218,0.0,E,A*2B\r\"
1543950036026164651,"""$GPRMC,190036.00,A,4150.1426855,N,08737.5065616,W,8.230,186.1,041218,0.0,E,A*26\r\"
1543950037022879256,"""$GPRMC,190037.00,A,4150.1439576,N,08737.5050820,W,6.704,177.5,041218,0.0,E,A*2E\r\"
1543950038021393794,"""$GPRMC,190038.00,A,4150.1413084,N,08737.5053423,W,7.267,180.3,041218,0.0,E,A*22\r\"
1543950039023064875,"""$GPRMC,190039.00,A,4150.1393181,N,08737.5052274,W,7.586,178.3,041218,0.0,E,A*22\r\"
1543950040030308002,"""$GPRMC,190040.00,A,4150.1350033,N,08737.5061766,W,7.555,178.3,041218,0.0,E,A*23\r\"
1543950041023094077,"""$GPRMC,190041.00,A,4150.1328677,N,08737.5061088,W,8.265,180.3,041218,0.0,E,A*20\r\"
1543950042026343679,"""$GPRMC,190042.00,A,4150.1303557,N,08737.5061134,W,7.943,179.3,041218,0.0,E,A*2B\r\"
1543950043033481278,"""$GPRMC,190043.00,A,4150.1286238,N,08737.5055243,W,8.301,180.1,041218,0.0,E,A*2B\r\"
1543950044049147296,"""$GPRMC,190044.00,A,4150.1261371,N,08737.5057446,W,8.592,176.3,041218,0.0,E,A*2F\r\"
1543950045041312075,"""$GPRMC,190045.00,A,4150.1237042,N,08737.5068684,W,8.881,177.8,041218,0.0,E,A*2B\r\"
1543950046045234741,"""$GPRMC,190046.00,A,4150.1211948,N,08737.5057000,W,8.784,181.0,041218,0.0,E,A*22\r\"
1543950047049342897,"""$GPRMC,190047.00,A,4150.1188277,N,08737.5057089,W,8.646,179.2,041218,0.0,E,A*2C\r\"
1543950048049866716,"""$GPRMC,190048.00,A,4150.1164037,N,08737.5056313,W,8.565,179.0,041218,0.0,E,A*26\r\"
1543950049049605739,"""$GPRMC,190049.00,A,4150.1139219,N,08737.5055683,W,8.813,179.6,041218,0.0,E,A*24\r\"
1543950050039413587,"""$GPRMC,190050.00,A,4150.1113110,N,08737.5054650,W,9.339,180.2,041218,0.0,E,A*21\r\"
1543950051034533796,"""$GPRMC,190051.00,A,4150.1086154,N,08737.5056538,W,9.266,180.0,041218,0.0,E,A*2B\r\"
1543950052034215410,"""$GPRMC,190052.00,A,4150.1061586,N,08737.5056348,W,9.015,179.8,041218,0.0,E,A*23\r\"
1543950053030638486,"""$GPRMC,190053.00,A,4150.1049573,N,08737.5053121,W,8.968,179.5,041218,0.0,E,A*25\r\"
1543950054017152742,"""$GPRMC,190054.00,A,4150.1030683,N,08737.5043118,W,8.910,178.4,041218,0.0,E,A*24\r\"
1543950055033180390,"""$GPRMC,190055.00,A,4150.0986781,N,08737.5055828,W,8.922,179.8,041218,0.0,E,A*22\r\"
1543950056034104926,"""$GPRMC,190056.00,A,4150.0963037,N,08737.5051572,W,8.464,180.7,041218,0.0,E,A*20\r\"
1543950057029361363,"""$GPRMC,190057.00,A,4150.0943304,N,08737.5047769,W,7.760,179.2,041218,0.0,E,A*24\r\"
1543950058029233553,"""$GPRMC,190058.00,A,4150.0923935,N,08737.5047626,W,6.192,176.0,041218,0.0,E,A*28\r\"
1543950059033305662,"""$GPRMC,190059.00,A,4150.0905844,N,08737.5049884,W,4.957,175.6,041218,0.0,E,A*24\r\"
1543950060025371301,"""$GPRMC,190100.00,A,4150.0893708,N,08737.5049570,W,4.861,177.2,041218,0.0,E,A*24\r\"
1543950061033870655,"""$GPRMC,190101.00,A,4150.0877151,N,08737.5050971,W,4.909,176.9,041218,0.0,E,A*25\r\"
1543950062037858710,"""$GPRMC,190102.00,A,4150.0865268,N,08737.5049227,W,5.360,183.3,041218,0.0,E,A*28\r\"
1543950063017059423,"""$GPRMC,190103.00,A,4150.0860857,N,08737.5055905,W,5.506,198.7,041218,0.0,E,A*24\r\"
1543950064017209902,"""$GPRMC,190104.00,A,4150.0848183,N,08737.5060454,W,5.565,222.3,041218,0.0,E,A*25\r\"
1543950065017901189,"""$GPRMC,190105.00,A,4150.0838251,N,08737.5079053,W,6.572,244.6,041218,0.0,E,A*24\r\"
1543950066021890319,"""$GPRMC,190106.00,A,4150.0827075,N,08737.5102717,W,7.473,258.1,041218,0.0,E,A*2C\r\"
1543950067029790197,"""$GPRMC,190107.00,A,4150.0822044,N,08737.5133460,W,8.416,263.7,041218,0.0,E,A*29\r\"
1543950068033235894,"""$GPRMC,190108.00,A,4150.0819214,N,08737.5164576,W,9.346,263.8,041218,0.0,E,A*21\r\"
1543950069026805760,"""$GPRMC,190109.00,A,4150.0837806,N,08737.5196607,W,9.863,267.4,041218,0.0,E,A*29\r\"
1543950070038421866,"""$GPRMC,190110.00,A,4150.0821023,N,08737.5237447,W,9.999,267.9,041218,0.0,E,A*2E\r\"
1543950071036251283,"""$GPRMC,190111.00,A,4150.0813864,N,08737.5280469,W,10.189,270.7,041218,0.0,E,A*1C\r\"
1543950072038635044,"""$GPRMC,190112.00,A,4150.0814299,N,08737.5316878,W,9.816,269.2,041218,0.0,E,A*28\r\"
1543950073020965638,"""$GPRMC,190113.00,A,4150.0856347,N,08737.5339428,W,9.440,273.3,041218,0.0,E,A*2C\r\"
1543950074026899111,"""$GPRMC,190114.00,A,4150.0856246,N,08737.5374724,W,9.523,267.1,041218,0.0,E,A*2E\r\"
1543950075022240329,"""$GPRMC,190115.00,A,4150.0827124,N,08737.5415426,W,9.114,267.7,041218,0.0,E,A*29\r\"
1543950076029499378,"""$GPRMC,190116.00,A,4150.0820957,N,08737.5450629,W,8.750,269.5,041218,0.0,E,A*26\r\"
1543950077027783031,"""$GPRMC,190117.00,A,4150.0817656,N,08737.5484399,W,8.411,270.5,041218,0.0,E,A*24\r\"
1543950078007520435,"""$GPRMC,190118.00,A,4150.0834937,N,08737.5513583,W,9.836,290.2,041218,0.0,E,A*21\r\"
1543950079018921318,"""$GPRMC,190119.00,A,4150.0828768,N,08737.5544179,W,8.832,264.6,041218,0.0,E,A*20\r\"
1543950080006762053,"""$GPRMC,190120.00,V,,,,,,,041218,0.0,E,N*13\r\n"""
1543950081000934731,"""$GPRMC,190121.00,V,4150.0820934,N,08737.5606591,W,,,041218,0.0,E,N*3C\r\n"""
1543950082001669080,"""$GPRMC,190122.00,A,4150.0837015,N,08737.5618650,W,7.556,282.8,041218,0.0,E,A*2B\r\"
1543950083001745429,"""$GPRMC,190123.00,V,4150.0890191,N,08737.5627205,W,,,041218,0.0,E,N*3B\r\n"""
1543950084009783115,"""$GPRMC,190124.00,V,4150.0895089,N,08737.5651874,W,,,041218,0.0,E,N*3C\r\n"""
1543950085017074510,"""$GPRMC,190125.00,A,4150.0831823,N,08737.5710279,W,6.859,274.1,041218,0.0,E,A*22\r\"
1543950086025724866,"""$GPRMC,190126.00,A,4150.0824933,N,08737.5739115,W,6.372,273.1,041218,0.0,E,A*22\r\"
1543950087029770423,"""$GPRMC,190127.00,A,4150.0827092,N,08737.5763101,W,4.996,271.7,041218,0.0,E,A*2E\r\"
1543950088024692169,"""$GPRMC,190128.00,A,4150.0827307,N,08737.5779029,W,3.080,271.3,041218,0.0,E,A*23\r\"
1543950089028661758,"""$GPRMC,190129.00,A,4150.0827291,N,08737.5785271,W,1.586,258.1,041218,0.0,E,A*28\r\"
1543950090037514225,"""$GPRMC,190130.00,A,4150.0827642,N,08737.5788778,W,0.389,270.2,041218,0.0,E,A*2A\r\"
1543950091036954424,"""$GPRMC,190131.00,A,4150.0827029,N,08737.5787513,W,0.364,264.6,041218,0.0,E,A*22\r\"
1543950092036668819,"""$GPRMC,190132.00,A,4150.0827154,N,08737.5787104,W,0.116,266.9,041218,0.0,E,A*22\r\"
1543950093044520740,"""$GPRMC,190133.00,A,4150.0826145,N,08737.5789365,W,0.041,101.2,041218,0.0,E,A*23\r\"
1543950094042042416,"""$GPRMC,190134.00,A,4150.0829039,N,08737.5791042,W,0.025,130.7,041218,0.0,E,A*2B\r\"
1543950095041993407,"""$GPRMC,190135.00,A,4150.0828313,N,08737.5791543,W,0.011,339.6,041218,0.0,E,A*29\r\"
1543950096044729675,"""$GPRMC,190136.00,A,4150.0826831,N,08737.5790650,W,0.026,246.1,041218,0.0,E,A*25\r\"
1543950097048769184,"""$GPRMC,190137.00,A,4150.0826148,N,08737.5791221,W,0.062,328.6,041218,0.0,E,A*2E\r\"
1543950098049003716,"""$GPRMC,190138.00,A,4150.0824220,N,08737.5790613,W,0.073,138.4,041218,0.0,E,A*2B\r\"
1543950099045782070,"""$GPRMC,190139.00,A,4150.0824570,N,08737.5791331,W,0.290,279.1,041218,0.0,E,A*20\r\"
1543950100046866620,"""$GPRMC,190140.00,A,4150.0824186,N,08737.5793915,W,1.062,257.1,041218,0.0,E,A*2F\r\"
1543950101036628094,"""$GPRMC,190141.00,A,4150.0823784,N,08737.5798586,W,2.230,276.9,041218,0.0,E,A*2D\r\"
1543950102038698266,"""$GPRMC,190142.00,A,4150.0823903,N,08737.5809204,W,3.298,276.1,041218,0.0,E,A*2E\r\"
1543950103028853345,"""$GPRMC,190143.00,A,4150.0823275,N,08737.5822567,W,4.845,274.5,041218,0.0,E,A*25\r\"
1543950104041900703,"""$GPRMC,190144.00,A,4150.0826642,N,08737.5843640,W,6.497,288.3,041218,0.0,E,A*22\r\"
1543950105037717380,"""$GPRMC,190145.00,A,4150.0833513,N,08737.5865302,W,6.721,300.6,041218,0.0,E,A*2D\r\"
1543950106037517209,"""$GPRMC,190146.00,A,4150.0848685,N,08737.5884566,W,8.049,330.2,041218,0.0,E,A*25\r\"
1543950107029567242,"""$GPRMC,190147.00,A,4150.0874148,N,08737.5896483,W,9.222,349.8,041218,0.0,E,A*2E\r\"
1543950108037679319,"""$GPRMC,190148.00,A,4150.0896163,N,08737.5899116,W,10.852,359.4,041218,0.0,E,A*1A\r\"
1543950109037114027,"""$GPRMC,190149.00,A,4150.0926436,N,08737.5901737,W,10.882,359.9,041218,0.0,E,A*11\r\"
1543950110013494510,"""$GPRMC,190150.00,V,4150.0911202,N,08737.5926263,W,,,041218,0.0,E,N*30\r\n"""
1543950111025627657,"""$GPRMC,190151.00,A,4150.0997053,N,08737.5901535,W,12.125,358.2,041218,0.0,E,A*19\r\"
1543950112020415847,"""$GPRMC,190152.00,A,4150.1031609,N,08737.5901731,W,12.137,359.2,041218,0.0,E,A*13\r\"
1543950113012321106,"""$GPRMC,190153.00,V,4150.1095265,N,08737.5888936,W,,,041218,0.0,E,N*38\r\n"""
1543950114012942874,"""$GPRMC,190154.00,V,4150.1108584,N,08737.5897509,W,,,041218,0.0,E,N*3C\r\n"""
1543950115032288579,"""$GPRMC,190155.00,A,4150.1119964,N,08737.5905640,W,9.363,2.2,041218,0.0,E,A*2C\r\n"""
1543950116021232539,"""$GPRMC,190156.00,A,4150.1156108,N,08737.5901761,W,9.944,0.5,041218,0.0,E,A*2A\r\n"""
1543950117020439163,"""$GPRMC,190157.00,A,4150.1174361,N,08737.5906500,W,9.166,4.6,041218,0.0,E,A*2B\r\n"""
1543950118007768724,"""$GPRMC,190158.00,V,,,,,,,041218,0.0,E,N*1C\r\n"""
1543950119009525707,"""$GPRMC,190159.00,V,4150.1251336,N,08737.5900033,W,,,041218,0.0,E,N*32\r\n"""
1543950120013531414,"""$GPRMC,190200.00,A,4150.1280864,N,08737.5893873,W,11.977,2.2,041218,0.0,E,A*1B\r\n"""
1543950121013432420,"""$GPRMC,190201.00,A,4150.1305710,N,08737.5902562,W,10.175,3.0,041218,0.0,E,A*16\r\n"""
1543950122014072814,"""$GPRMC,190202.00,V,4150.1251654,N,08737.5943964,W,,,041218,0.0,E,N*32\r\n"""
1543950123025511906,"""$GPRMC,190203.00,A,4150.1339900,N,08737.5913285,W,9.350,359.7,041218,0.0,E,A*2C\r\"
1543950124027197034,"""$GPRMC,190204.00,A,4150.1378969,N,08737.5905900,W,8.377,358.6,041218,0.0,E,A*24\r\"
1543950125005275434,"""$GPRMC,190205.00,A,4150.1411289,N,08737.5902080,W,8.398,2.1,041218,0.0,E,A*24\r\n"""
1543950126013653394,"""$GPRMC,190206.00,A,4150.1431622,N,08737.5904566,W,6.838,359.1,041218,0.0,E,A*29\r\"
1543950127015871899,"""$GPRMC,190207.00,A,4150.1452647,N,08737.5906950,W,8.659,358.5,041218,0.0,E,A*27\r\"
1543950128030229334,"""$GPRMC,190208.00,A,4150.1472959,N,08737.5908501,W,8.844,358.7,041218,0.0,E,A*2C\r\"
1543950129025226617,"""$GPRMC,190209.00,A,4150.1490042,N,08737.5912941,W,8.712,358.4,041218,0.0,E,A*2E\r\"
1543950130022570894,"""$GPRMC,190210.00,A,4150.1513783,N,08737.5910665,W,7.246,357.5,041218,0.0,E,A*28\r\"
1543950131034511648,"""$GPRMC,190211.00,A,4150.1527670,N,08737.5914259,W,4.329,344.8,041218,0.0,E,A*28\r\"
1543950132029189117,"""$GPRMC,190212.00,A,4150.1553094,N,08737.5909193,W,7.110,358.0,041218,0.0,E,A*23\r\"
1543950133020860876,"""$GPRMC,190213.00,A,4150.1573173,N,08737.5912040,W,7.628,2.3,041218,0.0,E,A*2E\r\n"""
1543950134034276910,"""$GPRMC,190214.00,A,4150.1594109,N,08737.5913313,W,8.528,359.4,041218,0.0,E,A*2F\r\"
1543950135025237678,"""$GPRMC,190215.00,A,4150.1620271,N,08737.5913598,W,10.190,358.8,041218,0.0,E,A*18\r\"
1543950136034407328,"""$GPRMC,190216.00,A,4150.1641760,N,08737.5917636,W,9.913,0.7,041218,0.0,E,A*20\r\n"""
1543950137021344189,"""$GPRMC,190217.00,A,4150.1675974,N,08737.5913683,W,8.621,0.3,041218,0.0,E,A*2C\r\n"""
1543950138033192990,"""$GPRMC,190218.00,A,4150.1705122,N,08737.5913428,W,9.044,359.5,041218,0.0,E,A*20\r\"
1543950139034432904,"""$GPRMC,190219.00,A,4150.1717231,N,08737.5918103,W,8.774,358.4,041218,0.0,E,A*21\r\"
1543950140037629579,"""$GPRMC,190220.00,A,4150.1743839,N,08737.5919825,W,8.778,359.6,041218,0.0,E,A*2B\r\"
1543950141033100866,"""$GPRMC,190221.00,A,4150.1769787,N,08737.5916807,W,8.874,358.4,041218,0.0,E,A*27\r\"
1543950142024097056,"""$GPRMC,190222.00,A,4150.1796858,N,08737.5916823,W,10.675,0.6,041218,0.0,E,A*15\r\n"""
1543950143037825451,"""$GPRMC,190223.00,A,4150.1821436,N,08737.5920631,W,10.656,358.8,041218,0.0,E,A*1A\r\"
1543950144041323433,"""$GPRMC,190224.00,A,4150.1851701,N,08737.5922802,W,10.430,358.0,041218,0.0,E,A*1B\r\"
1543950145042334408,"""$GPRMC,190225.00,A,4150.1879858,N,08737.5924876,W,10.609,358.7,041218,0.0,E,A*19\r\"
1543950146046092496,"""$GPRMC,190226.00,A,4150.1911727,N,08737.5924369,W,10.782,0.6,041218,0.0,E,A*1A\r\n"""
1543950147028907347,"""$GPRMC,190227.00,V,4150.1893940,N,08737.5947842,W,,,041218,0.0,E,N*3A\r\n"""
1543950148029842824,"""$GPRMC,190228.00,A,4150.1984063,N,08737.5923120,W,11.326,359.8,041218,0.0,E,A*1D\r\"
1543950149113033069,"""$GPRMC,190229.00,A,4150.2000038,N,08737.5926860,W,11.463,357.8,041218,0.0,E,A*14\r\"
1543950150030360037,"""$GPRMC,190230.00,A,4150.2031446,N,08737.5926913,W,11.683,0.0,041218,0.0,E,A*13\r\n"""
1543950151011646618,"""$GPRMC,190231.00,V,4150.2016834,N,08737.5950761,W,,,041218,0.0,E,N*31\r\n"""
1543950152021056079,"""$GPRMC,190232.00,V,4150.2054600,N,08737.5950804,W,,,041218,0.0,E,N*31\r\n"""
1543950153028957654,"""$GPRMC,190233.00,A,4150.2123106,N,08737.5928467,W,10.375,0.2,041218,0.0,E,A*1C\r\n"""
1543950154017710693,"""$GPRMC,190234.00,A,4150.2164482,N,08737.5923569,W,9.693,0.7,041218,0.0,E,A*25\r\n"""
1543950155016936238,"""$GPRMC,190235.00,A,4150.2182487,N,08737.5934909,W,9.837,358.3,041218,0.0,E,A*2F\r\"
1543950156016665310,"""$GPRMC,190236.00,V,4150.2214892,N,08737.5927505,W,,,041218,0.0,E,N*3A\r\n"""
1543950157025666133,"""$GPRMC,190237.00,A,4150.2232283,N,08737.5933722,W,10.400,359.4,041218,0.0,E,A*11\r\"
1543950158022396567,"""$GPRMC,190238.00,A,4150.2276535,N,08737.5926658,W,10.063,359.0,041218,0.0,E,A*19\r\"
1543950159019847289,"""$GPRMC,190239.00,A,4150.2287037,N,08737.5932696,W,10.040,357.5,041218,0.0,E,A*1C\r\"
1543950160030217891,"""$GPRMC,190240.00,A,4150.2316202,N,08737.5933613,W,9.820,4.2,041218,0.0,E,A*27\r\n"""
1543950161028861571,"""$GPRMC,190241.00,A,4150.2344140,N,08737.5932229,W,9.908,1.2,041218,0.0,E,A*26\r\n"""
1543950162033683379,"""$GPRMC,190242.00,A,4150.2379542,N,08737.5928120,W,9.238,358.7,041218,0.0,E,A*2E\r\"
1543950163021785983,"""$GPRMC,190243.00,A,4150.2399550,N,08737.5929893,W,9.895,358.9,041218,0.0,E,A*21\r\"
1543950164021701193,"""$GPRMC,190244.00,A,4150.2438844,N,08737.5927990,W,10.764,0.4,041218,0.0,E,A*14\r\n"""
1543950165022824872,"""$GPRMC,190245.00,A,4150.2458520,N,08737.5932910,W,10.414,356.7,041218,0.0,E,A*17\r\"
1543950166014562605,"""$GPRMC,190246.00,A,4150.2493299,N,08737.5930143,W,9.274,356.9,041218,0.0,E,A*2C\r\"
1543950167017894649,"""$GPRMC,190247.00,A,4150.2507675,N,08737.5934333,W,10.674,1.2,041218,0.0,E,A*10\r\n"""
1543950168017677175,"""$GPRMC,190248.00,A,4150.2531911,N,08737.5935969,W,9.421,359.7,041218,0.0,E,A*22\r\"
1543950169025916129,"""$GPRMC,190249.00,A,4150.2559844,N,08737.5936846,W,9.578,358.9,041218,0.0,E,A*21\r\"
1543950170013156109,"""$GPRMC,190250.00,A,4150.2601695,N,08737.5934092,W,9.821,358.3,041218,0.0,E,A*2D\r\"
1543950171029787832,"""$GPRMC,190251.00,A,4150.2608461,N,08737.5939750,W,9.526,358.6,041218,0.0,E,A*27\r\"
1543950172038693514,"""$GPRMC,190252.00,A,4150.2638045,N,08737.5939544,W,9.062,358.9,041218,0.0,E,A*28\r\"
1543950173028695642,"""$GPRMC,190253.00,A,4150.2660153,N,08737.5941150,W,8.918,359.4,041218,0.0,E,A*25\r\"
1543950174030267296,"""$GPRMC,190254.00,A,4150.2677022,N,08737.5938977,W,8.059,357.2,041218,0.0,E,A*24\r\"
1543950175035305159,"""$GPRMC,190255.00,A,4150.2716998,N,08737.5940514,W,7.542,357.4,041218,0.0,E,A*2B\r\"
1543950176021865953,"""$GPRMC,190256.00,A,4150.2736580,N,08737.5944595,W,8.297,358.9,041218,0.0,E,A*20\r\"
1543950177022653728,"""$GPRMC,190257.00,V,4150.2718207,N,08737.5964967,W,,,041218,0.0,E,N*3D\r\n"""
1543950178032645564,"""$GPRMC,190258.00,A,4150.2779449,N,08737.5943515,W,6.577,356.8,041218,0.0,E,A*26\r\"
1543950179017999116,"""$GPRMC,190259.00,A,4150.2803190,N,08737.5946012,W,8.289,0.2,041218,0.0,E,A*21\r\n"""
1543950180025561947,"""$GPRMC,190300.00,A,4150.2821613,N,08737.5945370,W,7.280,357.5,041218,0.0,E,A*24\r\"
1543950181022993454,"""$GPRMC,190301.00,A,4150.2835359,N,08737.5946799,W,7.425,0.1,041218,0.0,E,A*27\r\n"""
1543950182041724048,"""$GPRMC,190302.00,A,4150.2861222,N,08737.5947435,W,6.203,359.8,041218,0.0,E,A*29\r\"
1543950183033447268,"""$GPRMC,190303.00,A,4150.2873360,N,08737.5948171,W,5.617,358.8,041218,0.0,E,A*25\r\"
1543950184045086456,"""$GPRMC,190304.00,A,4150.2886391,N,08737.5948726,W,5.512,360.0,041218,0.0,E,A*27\r\"
1543950185044512948,"""$GPRMC,190305.00,A,4150.2902561,N,08737.5946456,W,5.773,5.0,041218,0.0,E,A*2D\r\n"""
1543950186044405038,"""$GPRMC,190306.00,A,4150.2919270,N,08737.5942376,W,6.160,13.7,041218,0.0,E,A*15\r\n"""
1543950187044695009,"""$GPRMC,190307.00,A,4150.2938303,N,08737.5936253,W,6.843,26.7,041218,0.0,E,A*19\r\n"""
1543950188045918817,"""$GPRMC,190308.00,A,4150.2952706,N,08737.5917320,W,7.675,49.4,041218,0.0,E,A*1D\r\n"""
1543950189045367442,"""$GPRMC,190309.00,A,4150.2965056,N,08737.5893773,W,8.302,69.4,041218,0.0,E,A*1D\r\n"""
1543950190045616159,"""$GPRMC,190310.00,A,4150.2970320,N,08737.5862602,W,8.854,83.1,041218,0.0,E,A*13\r\n"""
1543950191045986151,"""$GPRMC,190311.00,A,4150.2971732,N,08737.5828663,W,9.669,90.2,041218,0.0,E,A*1D\r\n"""
1543950192045724383,"""$GPRMC,190312.00,A,4150.2972985,N,08737.5791120,W,10.442,88.3,041218,0.0,E,A*29\r\"
1543950193038253325,"""$GPRMC,190313.00,A,4150.2973919,N,08737.5751306,W,11.357,87.3,041218,0.0,E,A*2B\r\"
1543950194024317989,"""$GPRMC,190314.00,A,4150.2975660,N,08737.5710585,W,11.512,86.7,041218,0.0,E,A*21\r\"
1543950195016448036,"""$GPRMC,190315.00,A,4150.2977376,N,08737.5664146,W,11.358,86.8,041218,0.0,E,A*2E\r\"
1543950196003546650,"""$GPRMC,190316.00,V,,,,,,,041218,0.0,E,N*14\r\n"""
1543950196998564657,"""$GPRMC,190317.00,V,,,,,,,041218,0.0,E,N*15\r\n"""
1543950198012630982,"""$GPRMC,190318.00,A,4150.2979870,N,08737.5541087,W,11.323,89.9,041218,0.0,E,A*2A\r\"
1543950199021587900,"""$GPRMC,190319.00,A,4150.2989017,N,08737.5495284,W,11.171,87.9,041218,0.0,E,A*2F\r\"
1543950200020222955,"""$GPRMC,190320.00,A,4150.2992347,N,08737.5454550,W,11.353,88.2,041218,0.0,E,A*2C\r\"
1543950201028460413,"""$GPRMC,190321.00,A,4150.2983404,N,08737.5415389,W,11.584,88.3,041218,0.0,E,A*27\r\"
1543950202033085313,"""$GPRMC,190322.00,A,4150.2986614,N,08737.5371441,W,11.971,88.7,041218,0.0,E,A*26\r\"
1543950203028327169,"""$GPRMC,190323.00,A,4150.2986958,N,08737.5327691,W,12.046,87.8,041218,0.0,E,A*22\r\"
1543950204020304668,"""$GPRMC,190324.00,A,4150.2989809,N,08737.5282425,W,12.457,89.0,041218,0.0,E,A*2E\r\"
1543950205023534742,"""$GPRMC,190325.00,A,4150.2992091,N,08737.5235124,W,13.038,88.9,041218,0.0,E,A*20\r\"
1543950206028168270,"""$GPRMC,190326.00,A,4150.2988627,N,08737.5184757,W,13.845,89.0,041218,0.0,E,A*22\r\"
1543950207028161282,"""$GPRMC,190327.00,A,4150.2989174,N,08737.5131791,W,14.143,88.8,041218,0.0,E,A*26\r\"
1543950208021508781,"""$GPRMC,190328.00,A,4150.2994696,N,08737.5074231,W,15.018,88.0,041218,0.0,E,A*27\r\"
1543950209032517082,"""$GPRMC,190329.00,A,4150.2992570,N,08737.5021016,W,15.742,89.0,041218,0.0,E,A*25\r\"
1543950210029469128,"""$GPRMC,190330.00,A,4150.2995863,N,08737.4958609,W,16.428,88.4,041218,0.0,E,A*22\r\"
1543950211036479228,"""$GPRMC,190331.00,A,4150.2997597,N,08737.4896029,W,16.632,89.4,041218,0.0,E,A*28\r\"
1543950212028315871,"""$GPRMC,190332.00,A,4150.2998546,N,08737.4832926,W,16.915,89.2,041218,0.0,E,A*2C\r\"
1543950213029408737,"""$GPRMC,190333.00,A,4150.2998657,N,08737.4769159,W,17.380,90.4,041218,0.0,E,A*26\r\"
1543950214028245150,"""$GPRMC,190334.00,A,4150.2999543,N,08737.4703538,W,17.880,89.2,041218,0.0,E,A*2C\r\"
1543950215028381378,"""$GPRMC,190335.00,A,4150.3000840,N,08737.4636345,W,18.095,89.0,041218,0.0,E,A*21\r\"
1543950216030377572,"""$GPRMC,190336.00,A,4150.3001508,N,08737.4567952,W,18.516,90.1,041218,0.0,E,A*2E\r\"
1543950217029148012,"""$GPRMC,190337.00,A,4150.3000970,N,08737.4498841,W,18.617,91.3,041218,0.0,E,A*2E\r\"
1543950218033507674,"""$GPRMC,190338.00,A,4150.2998645,N,08737.4429981,W,18.386,94.6,041218,0.0,E,A*2B\r\"
1543950219036826731,"""$GPRMC,190339.00,A,4150.2993997,N,08737.4362658,W,18.026,95.8,041218,0.0,E,A*24\r\"
1543950220033621679,"""$GPRMC,190340.00,A,4150.2989017,N,08737.4297424,W,16.906,93.5,041218,0.0,E,A*2C\r\"
1543950221029566606,"""$GPRMC,190341.00,A,4150.2986573,N,08737.4238369,W,14.906,90.0,041218,0.0,E,A*2A\r\"
1543950222036663543,"""$GPRMC,190342.00,A,4150.2986862,N,08737.4187294,W,12.615,92.2,041218,0.0,E,A*2B\r\"
1543950223035983806,"""$GPRMC,190343.00,A,4150.2983476,N,08737.4146082,W,9.920,112.6,041218,0.0,E,A*20\r\"
1543950224032895141,"""$GPRMC,190344.00,A,4150.2970147,N,08737.4118246,W,8.649,138.5,041218,0.0,E,A*27\r\"
1543950225036517181,"""$GPRMC,190345.00,A,4150.2949254,N,08737.4102497,W,8.805,163.1,041218,0.0,E,A*20\r\"
1543950226037173692,"""$GPRMC,190346.00,A,4150.2923984,N,08737.4096654,W,9.090,174.9,041218,0.0,E,A*23\r\"
1543950227023981941,"""$GPRMC,190347.00,A,4150.2898002,N,08737.4094823,W,10.017,178.2,041218,0.0,E,A*18\r\"
1543950228028804878,"""$GPRMC,190348.00,A,4150.2868746,N,08737.4093465,W,10.356,177.2,041218,0.0,E,A*1F\r\"
1543950229031851129,"""$GPRMC,190349.00,A,4150.2835910,N,08737.4093605,W,10.581,177.4,041218,0.0,E,A*15\r\"
1543950230030005455,"""$GPRMC,190350.00,A,4150.2809731,N,08737.4091165,W,10.966,178.3,041218,0.0,E,A*11\r\"
1543950231019891324,"""$GPRMC,190351.00,A,4150.2814107,N,08737.4077162,W,10.246,177.4,041218,0.0,E,A*11\r\"
1543950232007159227,"""$GPRMC,190352.00,A,4150.2745196,N,08737.4097469,W,10.434,176.3,041218,0.0,E,A*14\r\"
1543950233017176836,"""$GPRMC,190353.00,A,4150.2724887,N,08737.4084942,W,10.276,177.6,041218,0.0,E,A*19\r\"
1543950234020797566,"""$GPRMC,190354.00,A,4150.2695688,N,08737.4083486,W,10.342,177.7,041218,0.0,E,A*11\r\"
1543950235020233525,"""$GPRMC,190355.00,A,4150.2656825,N,08737.4087460,W,9.816,177.9,041218,0.0,E,A*26\r\"
1543950236013333357,"""$GPRMC,190356.00,V,4150.2632661,N,08737.4084913,W,,,041218,0.0,E,N*35\r\n"""
1543950237012862881,"""$GPRMC,190357.00,V,4150.2595375,N,08737.4090669,W,,,041218,0.0,E,N*3D\r\n"""
1543950238021865185,"""$GPRMC,190358.00,A,4150.2580557,N,08737.4085900,W,10.451,182.9,041218,0.0,E,A*1F\r\"
1543950239015705934,"""$GPRMC,190359.00,V,4150.2612067,N,08737.4058451,W,,,041218,0.0,E,N*32\r\n"""
1543950240011859753,"""$GPRMC,190400.00,A,4150.2552871,N,08737.4075639,W,8.230,178.8,041218,0.0,E,A*25\r\"
1543950241020816915,"""$GPRMC,190401.00,A,4150.2520562,N,08737.4079622,W,7.586,176.3,041218,0.0,E,A*28\r\"
1543950242011866310,"""$GPRMC,190402.00,V,4150.2472032,N,08737.4091697,W,,,041218,0.0,E,N*32\r\n"""
1543950243016729611,"""$GPRMC,190403.00,V,4150.2459083,N,08737.4086076,W,,,041218,0.0,E,N*3F\r\n"""
1543950244024654560,"""$GPRMC,190404.00,A,4150.2446666,N,08737.4080196,W,8.609,179.5,041218,0.0,E,A*27\r\"
1543950245029983603,"""$GPRMC,190405.00,A,4150.2418020,N,08737.4079808,W,8.298,178.3,041218,0.0,E,A*2A\r\"
1543950246024542523,"""$GPRMC,190406.00,A,4150.2404236,N,08737.4079197,W,8.581,180.1,041218,0.0,E,A*24\r\"
1543950247020002263,"""$GPRMC,190407.00,A,4150.2380179,N,08737.4077795,W,8.454,180.4,041218,0.0,E,A*20\r\"
1543950248020790922,"""$GPRMC,190408.00,A,4150.2358260,N,08737.4077470,W,8.578,180.1,041218,0.0,E,A*23\r\"
1543950249024915938,"""$GPRMC,190409.00,A,4150.2332393,N,08737.4077790,W,8.489,179.0,041218,0.0,E,A*26\r\"
1543950250028444368,"""$GPRMC,190410.00,A,4150.2308499,N,08737.4076700,W,8.646,178.6,041218,0.0,E,A*24\r\"
1543950251023616416,"""$GPRMC,190411.00,A,4150.2283530,N,08737.4072855,W,8.756,179.0,041218,0.0,E,A*29\r\"
1543950252024557288,"""$GPRMC,190412.00,A,4150.2258790,N,08737.4073213,W,8.650,179.3,041218,0.0,E,A*29\r\"
1543950253029868032,"""$GPRMC,190413.00,A,4150.2235806,N,08737.4072759,W,8.643,179.2,041218,0.0,E,A*2A\r\"
1543950254026648384,"""$GPRMC,190414.00,A,4150.2211920,N,08737.4074265,W,8.833,179.1,041218,0.0,E,A*28\r\"
1543950255027698775,"""$GPRMC,190415.00,A,4150.2186289,N,08737.4071491,W,8.671,178.6,041218,0.0,E,A*2A\r\"
1543950256019744508,"""$GPRMC,190416.00,V,4150.2104414,N,08737.4100338,W,,,041218,0.0,E,N*3A\r\n"""
1543950257035943585,"""$GPRMC,190417.00,A,4150.2138079,N,08737.4070598,W,8.927,177.8,041218,0.0,E,A*24\r\"
1543950258023861360,"""$GPRMC,190418.00,A,4150.2113310,N,08737.4070747,W,9.152,180.9,041218,0.0,E,A*2C\r\"
1543950259020874713,"""$GPRMC,190419.00,V,4150.2027426,N,08737.4099803,W,,,041218,0.0,E,N*36\r\n"""
1543950260019323870,"""$GPRMC,190420.00,V,4150.2002878,N,08737.4099249,W,,,041218,0.0,E,N*38\r\n"""
1543950261020178233,"""$GPRMC,190421.00,V,4150.1978574,N,08737.4098417,W,,,041218,0.0,E,N*33\r\n"""
1543950262028786468,"""$GPRMC,190422.00,A,4150.2010433,N,08737.4069465,W,9.458,180.9,041218,0.0,E,A*25\r\"
1543950263032465449,"""$GPRMC,190423.00,A,4150.1991848,N,08737.4064830,W,9.331,178.4,041218,0.0,E,A*24\r\"
1543950264035660471,"""$GPRMC,190424.00,A,4150.1958153,N,08737.4068118,W,9.500,178.3,041218,0.0,E,A*29\r\"
1543950265028008729,"""$GPRMC,190425.00,A,4150.1933055,N,08737.4065732,W,9.757,177.9,041218,0.0,E,A*24\r\"
1543950266024682221,"""$GPRMC,190426.00,A,4150.1909717,N,08737.4060374,W,9.954,177.8,041218,0.0,E,A*20\r\"
1543950267024848143,"""$GPRMC,190427.00,A,4150.1883256,N,08737.4058510,W,9.852,177.0,041218,0.0,E,A*22\r\"
1543950268020352417,"""$GPRMC,190428.00,A,4150.1854514,N,08737.4057531,W,9.901,177.2,041218,0.0,E,A*2F\r\"
1543950269033455032,"""$GPRMC,190429.00,A,4150.1824752,N,08737.4059373,W,10.067,177.2,041218,0.0,E,A*16\r\"
1543950270023303449,"""$GPRMC,190430.00,A,4150.1793255,N,08737.4061198,W,10.372,176.5,041218,0.0,E,A*12\r\"
1543950271027684448,"""$GPRMC,190431.00,A,4150.1764175,N,08737.4060890,W,10.356,177.9,041218,0.0,E,A*11\r\"
1543950272028439953,"""$GPRMC,190432.00,A,4150.1742573,N,08737.4052763,W,10.045,176.8,041218,0.0,E,A*17\r\"
1543950273031362175,"""$GPRMC,190433.00,A,4150.1723688,N,08737.4043695,W,12.027,183.8,041218,0.0,E,A*12\r\"
1543950274287646445,"""$GPRMC,190434.00,A,4150.1684436,N,08737.4053099,W,10.885,180.5,041218,0.0,E,A*19\r\"
1543950275028560995,"""$GPRMC,190435.00,A,4150.1664059,N,08737.4045363,W,12.042,182.9,041218,0.0,E,A*15\r\"
1543950276024367281,"""$GPRMC,190436.00,A,4150.1622595,N,08737.4056022,W,10.748,172.8,041218,0.0,E,A*14\r\"
1543950277028683553,"""$GPRMC,190437.00,A,4150.1593590,N,08737.4052324,W,10.573,176.2,041218,0.0,E,A*1C\r\"
1543950278028531732,"""$GPRMC,190438.00,A,4150.1564953,N,08737.4044944,W,10.976,180.3,041218,0.0,E,A*12\r\"
1543950279028722391,"""$GPRMC,190439.00,A,4150.1532138,N,08737.4052598,W,11.178,181.9,041218,0.0,E,A*13\r\"
1543950280021423687,"""$GPRMC,190440.00,A,4150.1504668,N,08737.4042940,W,11.167,177.7,041218,0.0,E,A*1B\r\"
1543950281020152208,"""$GPRMC,190441.00,A,4150.1473928,N,08737.4043558,W,11.439,184.0,041218,0.0,E,A*11\r\"
1543950282016318856,"""$GPRMC,190442.00,A,4150.1443192,N,08737.4042917,W,10.774,180.8,041218,0.0,E,A*19\r\"
1543950283011689013,"""$GPRMC,190443.00,A,4150.1413723,N,08737.4043906,W,11.122,178.0,041218,0.0,E,A*1B\r\"
1543950284025443273,"""$GPRMC,190444.00,A,4150.1383189,N,08737.4043982,W,10.554,178.7,041218,0.0,E,A*1B\r\"
1543950285008651320,"""$GPRMC,190445.00,V,4150.1384956,N,08737.4027801,W,,,041218,0.0,E,N*3B\r\n"""
1543950286012091898,"""$GPRMC,190446.00,A,4150.1322107,N,08737.4041838,W,11.225,181.4,041218,0.0,E,A*13\r\"
1543950287020619547,"""$GPRMC,190447.00,A,4150.1287334,N,08737.4041883,W,9.911,179.3,041218,0.0,E,A*2B\r\"
1543950288012083342,"""$GPRMC,190448.00,A,4150.1257309,N,08737.4052779,W,10.344,180.5,041218,0.0,E,A*1D\r\"
1543950289012474852,"""$GPRMC,190449.00,A,4150.1245476,N,08737.4035147,W,10.230,176.5,041218,0.0,E,A*11\r\"
1543950290019172787,"""$GPRMC,190450.00,A,4150.1205804,N,08737.4039010,W,10.501,180.8,041218,0.0,E,A*1A\r\"
1543950291012197375,"""$GPRMC,190451.00,A,4150.1172916,N,08737.4046050,W,10.046,173.2,041218,0.0,E,A*16\r\"
1543950292009138992,"""$GPRMC,190452.00,A,4150.1146084,N,08737.4048284,W,9.995,177.1,041218,0.0,E,A*2D\r\"
1543950293014880360,"""$GPRMC,190453.00,A,4150.1121095,N,08737.4039691,W,10.058,179.6,041218,0.0,E,A*12\r\"
1543950294013683512,"""$GPRMC,190454.00,A,4150.1083179,N,08737.4051504,W,10.343,177.7,041218,0.0,E,A*18\r\"
1543950295021568338,"""$GPRMC,190455.00,A,4150.1061784,N,08737.4037307,W,10.348,179.8,041218,0.0,E,A*1E\r\"
1543950296016081715,"""$GPRMC,190456.00,A,4150.1051592,N,08737.4030674,W,9.063,182.1,041218,0.0,E,A*22\r\"
1543950297015974665,"""$GPRMC,190457.00,A,4150.1007678,N,08737.4039620,W,7.951,175.1,041218,0.0,E,A*21\r\"
1543950298023888344,"""$GPRMC,190458.00,A,4150.0985285,N,08737.4038427,W,7.733,172.6,041218,0.0,E,A*24\r\"
1543950299027895452,"""$GPRMC,190459.00,A,4150.0965878,N,08737.4037841,W,7.591,183.5,041218,0.0,E,A*27\r\"
1543950300031371963,"""$GPRMC,190500.00,A,4150.0943570,N,08737.4038814,W,7.190,184.1,041218,0.0,E,A*22\r\"
1543950301028019586,"""$GPRMC,190501.00,A,4150.0925962,N,08737.4041431,W,5.751,176.3,041218,0.0,E,A*2F\r\"
1543950302023900216,"""$GPRMC,190502.00,A,4150.0908583,N,08737.4051053,W,4.162,183.6,041218,0.0,E,A*29\r\"
1543950303040267853,"""$GPRMC,190503.00,A,4150.0898589,N,08737.4046122,W,1.978,185.7,041218,0.0,E,A*2A\r\"
1543950304035876493,"""$GPRMC,190504.00,A,4150.0898064,N,08737.4044231,W,0.020,235.7,041218,0.0,E,A*25\r\"
1543950305036203309,"""$GPRMC,190505.00,A,4150.0895254,N,08737.4045480,W,0.018,161.6,041218,0.0,E,A*2D\r\"
1543950306035512641,"""$GPRMC,190506.00,A,4150.0894705,N,08737.4045033,W,0.024,353.3,041218,0.0,E,A*2B\r\"
1543950307037101030,"""$GPRMC,190507.00,A,4150.0893290,N,08737.4045035,W,0.414,190.2,041218,0.0,E,A*29\r\"
1543950308033994776,"""$GPRMC,190508.00,A,4150.0891262,N,08737.4044360,W,1.258,167.7,041218,0.0,E,A*29\r\"
1543950309029351467,"""$GPRMC,190509.00,A,4150.0887593,N,08737.4048544,W,2.660,192.1,041218,0.0,E,A*2A\r\"
1543950310036225672,"""$GPRMC,190510.00,A,4150.0876710,N,08737.4048385,W,4.501,196.6,041218,0.0,E,A*2F\r\"
1543950311036875140,"""$GPRMC,190511.00,A,4150.0863610,N,08737.4055948,W,5.839,207.6,041218,0.0,E,A*20\r\"
1543950312038018761,"""$GPRMC,190512.00,A,4150.0850779,N,08737.4070696,W,6.637,231.2,041218,0.0,E,A*24\r\"
1543950313027775204,"""$GPRMC,190513.00,A,4150.0841139,N,08737.4093896,W,7.993,246.9,041218,0.0,E,A*2F\r\"
1543950314037740411,"""$GPRMC,190514.00,A,4150.0834894,N,08737.4123921,W,9.009,259.7,041218,0.0,E,A*27\r\"
1543950315028260588,"""$GPRMC,190515.00,A,4150.0833231,N,08737.4157410,W,10.473,262.7,041218,0.0,E,A*11\r\"
1543950316027709022,"""$GPRMC,190516.00,A,4150.0837170,N,08737.4195536,W,10.997,264.7,041218,0.0,E,A*1A\r\"
1543950317019755130,"""$GPRMC,190517.00,A,4150.0836208,N,08737.4237269,W,11.501,271.7,041218,0.0,E,A*16\r\"
1543950318032825715,"""$GPRMC,190518.00,A,4150.0838374,N,08737.4279486,W,12.132,267.2,041218,0.0,E,A*15\r\"
1543950319028983318,"""$GPRMC,190519.00,A,4150.0835252,N,08737.4326729,W,11.108,273.0,041218,0.0,E,A*1C\r\"
1543950320028706554,"""$GPRMC,190520.00,A,4150.0832642,N,08737.4366373,W,9.738,278.0,041218,0.0,E,A*2C\r\"
1543950321031833205,"""$GPRMC,190521.00,A,4150.0840314,N,08737.4395977,W,7.900,282.9,041218,0.0,E,A*2B\r\"
1543950322008840505,"""$GPRMC,190522.00,A,4150.0858420,N,08737.4419225,W,6.957,267.0,041218,0.0,E,A*2F\r\"
1543950323012971022,"""$GPRMC,190523.00,A,4150.0850996,N,08737.4446555,W,5.285,268.2,041218,0.0,E,A*26\r\"
1543950324011862749,"""$GPRMC,190524.00,A,4150.0857916,N,08737.4460476,W,4.065,330.9,041218,0.0,E,A*20\r\"
1543950325024918196,"""$GPRMC,190525.00,A,4150.0848003,N,08737.4478547,W,3.779,273.2,041218,0.0,E,A*28\r\"
1543950326016796292,"""$GPRMC,190526.00,A,4150.0842428,N,08737.4492411,W,3.651,267.5,041218,0.0,E,A*23\r\"
1543950327030368152,"""$GPRMC,190527.00,A,4150.0848660,N,08737.4507928,W,4.804,271.6,041218,0.0,E,A*21\r\"
1543950328028743148,"""$GPRMC,190528.00,A,4150.0846681,N,08737.4529168,W,6.537,261.1,041218,0.0,E,A*26\r\"
1543950329018394882,"""$GPRMC,190529.00,A,4150.0853960,N,08737.4548759,W,7.700,260.1,041218,0.0,E,A*26\r\"
1543950330026649759,"""$GPRMC,190530.00,A,4150.0836642,N,08737.4590451,W,8.052,260.4,041218,0.0,E,A*26\r\"
1543950331037145824,"""$GPRMC,190531.00,A,4150.0833428,N,08737.4619400,W,8.645,264.5,041218,0.0,E,A*2F\r\"
1543950332032490326,"""$GPRMC,190532.00,A,4150.0835399,N,08737.4649851,W,10.066,268.9,041218,0.0,E,A*14\r\"
1543950333011550380,"""$GPRMC,190533.00,A,4150.0836168,N,08737.4683993,W,10.000,264.3,041218,0.0,E,A*15\r\"
1543950334012615007,"""$GPRMC,190534.00,A,4150.0834738,N,08737.4721430,W,9.994,267.6,041218,0.0,E,A*24\r\"
1543950335020832214,"""$GPRMC,190535.00,A,4150.0837161,N,08737.4757536,W,10.331,265.9,041218,0.0,E,A*1A\r\"
1543950336015589516,"""$GPRMC,190536.00,A,4150.0839283,N,08737.4793599,W,9.821,271.3,041218,0.0,E,A*28\r\"
1543950337023724437,"""$GPRMC,190537.00,A,4150.0834742,N,08737.4832000,W,9.773,268.5,041218,0.0,E,A*2B\r\"
1543950338015779404,"""$GPRMC,190538.00,A,4150.0831735,N,08737.4869997,W,10.084,270.1,041218,0.0,E,A*12\r\"
1543950339019728225,"""$GPRMC,190539.00,A,4150.0830848,N,08737.4907620,W,10.106,270.2,041218,0.0,E,A*15\r\"
1543950340016703619,"""$GPRMC,190540.00,A,4150.0831004,N,08737.4945286,W,10.338,269.5,041218,0.0,E,A*14\r\"
1543950341024127221,"""$GPRMC,190541.00,A,4150.0825217,N,08737.4987808,W,10.225,267.6,041218,0.0,E,A*12\r\"
1543950342027825856,"""$GPRMC,190542.00,A,4150.0821295,N,08737.5026223,W,10.513,269.6,041218,0.0,E,A*13\r\"
1543950343035598580,"""$GPRMC,190543.00,A,4150.0820994,N,08737.5064988,W,11.306,269.8,041218,0.0,E,A*18\r\"
1543950344023588872,"""$GPRMC,190544.00,A,4150.0826447,N,08737.5103619,W,11.201,268.1,041218,0.0,E,A*13\r\"
1543950345011407529,"""$GPRMC,190545.00,A,4150.0835979,N,08737.5142930,W,11.387,268.3,041218,0.0,E,A*1C\r\"
1543950346023475229,"""$GPRMC,190546.00,A,4150.0824098,N,08737.5195379,W,11.547,267.8,041218,0.0,E,A*1A\r\"
1543950347031471603,"""$GPRMC,190547.00,A,4150.0823733,N,08737.5237298,W,11.834,267.5,041218,0.0,E,A*1B\r\"
1543950348031597302,"""$GPRMC,190548.00,A,4150.0817341,N,08737.5280126,W,11.592,267.2,041218,0.0,E,A*1E\r\"
1543950349028418746,"""$GPRMC,190549.00,A,4150.0815683,N,08737.5324268,W,11.591,268.2,041218,0.0,E,A*1C\r\"
1543950350019368412,"""$GPRMC,190550.00,A,4150.0815790,N,08737.5367934,W,11.680,267.5,041218,0.0,E,A*19\r\"
1543950351019515072,"""$GPRMC,190551.00,A,4150.0814192,N,08737.5411232,W,11.777,267.2,041218,0.0,E,A*18\r\"
1543950352016501356,"""$GPRMC,190552.00,A,4150.0821598,N,08737.5448496,W,11.602,267.2,041218,0.0,E,A*14\r\"
1543950353025398884,"""$GPRMC,190553.00,A,4150.0813698,N,08737.5493260,W,11.185,270.1,041218,0.0,E,A*13\r\"
1543950354027829803,"""$GPRMC,190554.00,A,4150.0808288,N,08737.5540463,W,10.325,272.9,041218,0.0,E,A*12\r\"
1543950355001277114,"""$GPRMC,190555.00,V,,,,,,,041218,0.0,E,N*15\r\n"""
1543950356006282050,"""$GPRMC,190556.00,V,,,,,,,041218,0.0,E,N*16\r\n"""
1543950357001450520,"""$GPRMC,190557.00,V,,,,,,,041218,0.0,E,N*17\r\n"""
1543950358002372633,"""$GPRMC,190558.00,V,4150.0827641,N,08737.5691284,W,,,041218,0.0,E,N*31\r\n"""
1543950359017508608,"""$GPRMC,190559.00,A,4150.0825515,N,08737.5725407,W,8.204,275.8,041218,0.0,E,A*2D\r\"
1543950360027051503,"""$GPRMC,190600.00,A,4150.0822515,N,08737.5760207,W,7.393,270.9,041218,0.0,E,A*26\r\"
1543950361027403224,"""$GPRMC,190601.00,A,4150.0828368,N,08737.5783625,W,6.791,270.6,041218,0.0,E,A*20\r\"
1543950362037441812,"""$GPRMC,190602.00,A,4150.0825571,N,08737.5806970,W,5.889,271.8,041218,0.0,E,A*27\r\"
1543950363040630813,"""$GPRMC,190603.00,A,4150.0826031,N,08737.5826818,W,4.575,273.2,041218,0.0,E,A*2E\r\"
1543950364042436033,"""$GPRMC,190604.00,A,4150.0828948,N,08737.5843344,W,3.369,282.7,041218,0.0,E,A*26\r\"
1543950365031724721,"""$GPRMC,190605.00,A,4150.0828905,N,08737.5850019,W,2.161,283.3,041218,0.0,E,A*29\r\"
1543950366035984002,"""$GPRMC,190606.00,A,4150.0829386,N,08737.5857620,W,1.621,277.1,041218,0.0,E,A*28\r\"
1543950367035133053,"""$GPRMC,190607.00,A,4150.0831212,N,08737.5862841,W,1.320,286.1,041218,0.0,E,A*29\r\"
1543950368035560076,"""$GPRMC,190608.00,A,4150.0831848,N,08737.5866724,W,0.495,284.9,041218,0.0,E,A*29\r\"
1543950369036493685,"""$GPRMC,190609.00,A,4150.0831185,N,08737.5866540,W,0.020,260.4,041218,0.0,E,A*2D\r\"
1543950370035647406,"""$GPRMC,190610.00,A,4150.0831100,N,08737.5867217,W,0.033,176.6,041218,0.0,E,A*28\r\"
1543950371036624211,"""$GPRMC,190611.00,A,4150.0831250,N,08737.5867317,W,0.038,217.5,041218,0.0,E,A*22\r\"
1543950372037064210,"""$GPRMC,190612.00,A,4150.0830749,N,08737.5867551,W,0.034,25.9,041218,0.0,E,A*1A\r\n"""
1543950373037398720,"""$GPRMC,190613.00,A,4150.0831224,N,08737.5867920,W,0.070,307.4,041218,0.0,E,A*20\r\"
1543950374036132986,"""$GPRMC,190614.00,A,4150.0831156,N,08737.5869621,W,1.229,294.3,041218,0.0,E,A*22\r\"
1543950375037199888,"""$GPRMC,190615.00,A,4150.0833792,N,08737.5876988,W,2.915,294.8,041218,0.0,E,A*21\r\"
1543950376043327761,"""$GPRMC,190616.00,A,4150.0839876,N,08737.5887927,W,3.339,316.3,041218,0.0,E,A*23\r\"
1543950377040169129,"""$GPRMC,190617.00,A,4150.0850940,N,08737.5896949,W,5.525,339.4,041218,0.0,E,A*26\r\"
1543950378028997899,"""$GPRMC,190618.00,A,4150.0868333,N,08737.5900637,W,6.121,358.9,041218,0.0,E,A*2D\r\"
1543950379029331847,"""$GPRMC,190619.00,A,4150.0888994,N,08737.5899863,W,7.553,3.1,041218,0.0,E,A*2E\r\n"""
1543950380036075979,"""$GPRMC,190620.00,A,4150.0911325,N,08737.5898899,W,9.062,3.0,041218,0.0,E,A*29\r\n"""
1543950381029371456,"""$GPRMC,190621.00,A,4150.0934387,N,08737.5899528,W,9.247,358.4,041218,0.0,E,A*2D\r\"
1543950382019626345,"""$GPRMC,190622.00,V,4150.0936153,N,08737.5914352,W,,,041218,0.0,E,N*32\r\n"""
1543950383019630017,"""$GPRMC,190623.00,A,4150.0993014,N,08737.5899836,W,9.702,359.4,041218,0.0,E,A*2C\r\"
1543950384023112124,"""$GPRMC,190624.00,A,4150.1019404,N,08737.5901912,W,10.507,358.9,041218,0.0,E,A*10\r\"
1543950385019571802,"""$GPRMC,190625.00,V,4150.1019318,N,08737.5916989,W,,,041218,0.0,E,N*33\r\n"""
1543950386023385020,"""$GPRMC,190626.00,A,4150.1075080,N,08737.5903968,W,9.996,358.2,041218,0.0,E,A*28\r\"
1543950387022960839,"""$GPRMC,190627.00,A,4150.1102219,N,08737.5905418,W,10.228,0.2,041218,0.0,E,A*1E\r\n"""
1543950388019343295,"""$GPRMC,190628.00,A,4150.1132810,N,08737.5905912,W,10.086,359.2,041218,0.0,E,A*1F\r\"
1543950389020790939,"""$GPRMC,190629.00,A,4150.1166674,N,08737.5901866,W,10.187,358.5,041218,0.0,E,A*13\r\"
1543950390013098014,"""$GPRMC,190630.00,A,4150.1198442,N,08737.5902024,W,10.147,0.2,041218,0.0,E,A*15\r\n"""
1543950391003339652,"""$GPRMC,190631.00,A,4150.1225317,N,08737.5904908,W,9.083,355.7,041218,0.0,E,A*20\r\"
1543950392018798105,"""$GPRMC,190632.00,A,4150.1252681,N,08737.5903163,W,10.447,356.9,041218,0.0,E,A*12\r\"
1543950393002712523,"""$GPRMC,190633.00,V,,,,,,,041218,0.0,E,N*16\r\n"""
1543950394011103039,"""$GPRMC,190634.00,V,4150.1290334,N,08737.5911402,W,,,041218,0.0,E,N*37\r\n"""
1543950395010020420,"""$GPRMC,190635.00,V,4150.1309112,N,08737.5916439,W,,,041218,0.0,E,N*3E\r\n"""
1543950396002034708,"""$GPRMC,190636.00,V,4150.1385234,N,08737.5892212,W,,,041218,0.0,E,N*3C\r\n"""
1543950397022756796,"""$GPRMC,190637.00,A,4150.1381714,N,08737.5905072,W,9.142,0.4,041218,0.0,E,A*27\r\n"""
1543950398011711023,"""$GPRMC,190638.00,A,4150.1417289,N,08737.5904702,W,8.048,356.6,041218,0.0,E,A*28\r\"
1543950399020013767,"""$GPRMC,190639.00,A,4150.1439479,N,08737.5910197,W,8.211,355.2,041218,0.0,E,A*2A\r\"
1543950400011811061,"""$GPRMC,190640.00,A,4150.1461353,N,08737.5907002,W,8.309,355.2,041218,0.0,E,A*25\r\"
1543950401037261745,"""$GPRMC,190641.00,A,4150.1477014,N,08737.5909599,W,9.078,359.2,041218,0.0,E,A*22\r\"
1543950402036189196,"""$GPRMC,190642.00,A,4150.1503776,N,08737.5908235,W,8.400,359.3,041218,0.0,E,A*2B\r\"
1543950403038684894,"""$GPRMC,190643.00,A,4150.1525333,N,08737.5911748,W,8.344,359.0,041218,0.0,E,A*28\r\"
1543950404026833596,"""$GPRMC,190644.00,A,4150.1552519,N,08737.5909325,W,8.621,359.1,041218,0.0,E,A*20\r\"
1543950405035804321,"""$GPRMC,190645.00,A,4150.1578534,N,08737.5909674,W,8.432,357.2,041218,0.0,E,A*2A\r\"
1543950406019624585,"""$GPRMC,190646.00,A,4150.1609145,N,08737.5908758,W,9.175,358.6,041218,0.0,E,A*2C\r\"
1543950407027931679,"""$GPRMC,190647.00,A,4150.1634453,N,08737.5909502,W,9.251,359.6,041218,0.0,E,A*29\r\"
1543950408035666705,"""$GPRMC,190648.00,A,4150.1650969,N,08737.5912664,W,9.461,358.3,041218,0.0,E,A*28\r\"
1543950409015746593,"""$GPRMC,190649.00,A,4150.1672934,N,08737.5918226,W,10.010,359.5,041218,0.0,E,A*14\r\"
1543950410023597519,"""$GPRMC,190650.00,A,4150.1700512,N,08737.5916646,W,9.921,359.3,041218,0.0,E,A*29\r\"
1543950411036819112,"""$GPRMC,190651.00,A,4150.1728525,N,08737.5919568,W,10.227,0.2,041218,0.0,E,A*1D\r\n"""
1543950412024137194,"""$GPRMC,190652.00,A,4150.1772692,N,08737.5911826,W,10.816,358.6,041218,0.0,E,A*13\r\"
1543950413039925959,"""$GPRMC,190653.00,A,4150.1787579,N,08737.5919460,W,10.500,359.7,041218,0.0,E,A*12\r\"
1543950414034623256,"""$GPRMC,190654.00,A,4150.1814479,N,08737.5921423,W,10.384,355.9,041218,0.0,E,A*15\r\"
1543950415035864590,"""$GPRMC,190655.00,A,4150.1842793,N,08737.5921804,W,10.294,359.9,041218,0.0,E,A*15\r\"
1543950416035521966,"""$GPRMC,190656.00,A,4150.1871526,N,08737.5921592,W,10.534,359.1,041218,0.0,E,A*1D\r\"
1543950417039919853,"""$GPRMC,190657.00,A,4150.1902129,N,08737.5921940,W,10.209,358.3,041218,0.0,E,A*1B\r\"
1543950418019806523,"""$GPRMC,190658.00,A,4150.1928384,N,08737.5923970,W,11.036,359.8,041218,0.0,E,A*1D\r\"
1543950419020056555,"""$GPRMC,190659.00,A,4150.1959148,N,08737.5922484,W,11.160,358.6,041218,0.0,E,A*12\r\"
1543950420027786275,"""$GPRMC,190700.00,A,4150.1991785,N,08737.5924291,W,11.085,360.0,041218,0.0,E,A*1F\r\"
1543950421026946574,"""$GPRMC,190701.00,A,4150.2022973,N,08737.5924977,W,11.290,358.8,041218,0.0,E,A*1D\r\"
1543950422011973533,"""$GPRMC,190702.00,A,4150.2070566,N,08737.5915768,W,12.257,1.9,041218,0.0,E,A*15\r\n"""
1543950423025779650,"""$GPRMC,190703.00,A,4150.2087220,N,08737.5921189,W,10.514,359.0,041218,0.0,E,A*12\r\"
1543950424034396352,"""$GPRMC,190704.00,A,4150.2115808,N,08737.5924746,W,10.381,358.8,041218,0.0,E,A*1C\r\"
1543950425027775127,"""$GPRMC,190705.00,A,4150.2147187,N,08737.5925965,W,10.364,358.0,041218,0.0,E,A*19\r\"
1543950426019637816,"""$GPRMC,190706.00,A,4150.2176440,N,08737.5936832,W,10.678,359.0,041218,0.0,E,A*1E\r\"
1543950427019361599,"""$GPRMC,190707.00,A,4150.2220633,N,08737.5918296,W,10.661,358.4,041218,0.0,E,A*1C\r\"
1543950428010672453,"""$GPRMC,190708.00,V,4150.2266895,N,08737.5910259,W,,,041218,0.0,E,N*3A\r\n"""
1543950429025479898,"""$GPRMC,190709.00,A,4150.2262159,N,08737.5927995,W,9.301,355.8,041218,0.0,E,A*21\r\"
1543950430026734601,"""$GPRMC,190710.00,A,4150.2286179,N,08737.5930031,W,9.918,357.5,041218,0.0,E,A*2D\r\"
1543950431024232082,"""$GPRMC,190711.00,A,4150.2315909,N,08737.5931830,W,9.554,2.7,041218,0.0,E,A*25\r\n"""
1543950432033145706,"""$GPRMC,190712.00,A,4150.2342380,N,08737.5928920,W,10.220,1.4,041218,0.0,E,A*1B\r\n"""
1543950433030378448,"""$GPRMC,190713.00,A,4150.2369932,N,08737.5931064,W,9.873,358.1,041218,0.0,E,A*2F\r\"
1543950434027184705,"""$GPRMC,190714.00,A,4150.2396778,N,08737.5931180,W,9.685,359.2,041218,0.0,E,A*26\r\"
1543950435028498055,"""$GPRMC,190715.00,A,4150.2423426,N,08737.5933861,W,10.357,357.8,041218,0.0,E,A*14\r\"
1543950436023208200,"""$GPRMC,190716.00,A,4150.2459728,N,08737.5928178,W,10.068,358.0,041218,0.0,E,A*14\r\"
1543950437023558388,"""$GPRMC,190717.00,A,4150.2482856,N,08737.5930492,W,9.684,356.8,041218,0.0,E,A*27\r\"
1543950438031296337,"""$GPRMC,190718.00,A,4150.2502352,N,08737.5933287,W,10.099,359.3,041218,0.0,E,A*19\r\"
1543950439023439690,"""$GPRMC,190719.00,A,4150.2532627,N,08737.5937624,W,10.465,358.9,041218,0.0,E,A*19\r\"
1543950440026294523,"""$GPRMC,190720.00,A,4150.2559689,N,08737.5939154,W,10.192,357.9,041218,0.0,E,A*16\r\"
1543950441022518974,"""$GPRMC,190721.00,A,4150.2597658,N,08737.5933322,W,10.805,359.9,041218,0.0,E,A*19\r\"
1543950442022975497,"""$GPRMC,190722.00,A,4150.2624365,N,08737.5938192,W,11.277,359.3,041218,0.0,E,A*1C\r\"
1543950443027330179,"""$GPRMC,190723.00,A,4150.2656631,N,08737.5938436,W,10.977,359.0,041218,0.0,E,A*1E\r\"
1543950444030179315,"""$GPRMC,190724.00,A,4150.2685072,N,08737.5941942,W,11.434,357.8,041218,0.0,E,A*1B\r\"
1543950445027585121,"""$GPRMC,190725.00,A,4150.2715043,N,08737.5943245,W,11.267,359.4,041218,0.0,E,A*1C\r\"
1543950446035173784,"""$GPRMC,190726.00,A,4150.2745399,N,08737.5945653,W,11.648,357.7,041218,0.0,E,A*1F\r\"
1543950447023394520,"""$GPRMC,190727.00,A,4150.2779132,N,08737.5944309,W,12.487,358.8,041218,0.0,E,A*1B\r\"
1543950448027551896,"""$GPRMC,190728.00,A,4150.2812765,N,08737.5946960,W,11.734,359.4,041218,0.0,E,A*10\r\"
1543950449026402393,"""$GPRMC,190729.00,A,4150.2843957,N,08737.5946859,W,11.025,359.8,041218,0.0,E,A*1A\r\"
1543950450039309627,"""$GPRMC,190730.00,A,4150.2877308,N,08737.5949747,W,11.085,359.5,041218,0.0,E,A*1D\r\"
1543950451040410172,"""$GPRMC,190731.00,A,4150.2907317,N,08737.5946707,W,10.429,5.7,041218,0.0,E,A*14\r\n"""
1543950452035411328,"""$GPRMC,190732.00,A,4150.2932205,N,08737.5936045,W,9.897,24.6,041218,0.0,E,A*16\r\n"""
1543950453039245296,"""$GPRMC,190733.00,A,4150.2955581,N,08737.5915287,W,9.691,50.2,041218,0.0,E,A*1F\r\n"""
1543950454038344012,"""$GPRMC,190734.00,A,4150.2966308,N,08737.5882848,W,9.629,73.6,041218,0.0,E,A*1F\r\n"""
1543950455039144305,"""$GPRMC,190735.00,A,4150.2970539,N,08737.5846073,W,10.288,87.0,041218,0.0,E,A*2F\r\"
1543950456040349142,"""$GPRMC,190736.00,A,4150.2971158,N,08737.5807453,W,10.846,87.1,041218,0.0,E,A*24\r\"
1543950457040456843,"""$GPRMC,190737.00,A,4150.2972046,N,08737.5765978,W,11.210,85.8,041218,0.0,E,A*24\r\"
1543950458023350685,"""$GPRMC,190738.00,A,4150.2974882,N,08737.5724141,W,11.659,86.9,041218,0.0,E,A*21\r\"
1543950459035388843,"""$GPRMC,190739.00,A,4150.2977573,N,08737.5680014,W,11.499,83.6,041218,0.0,E,A*2A\r\"
1543950460015022347,"""$GPRMC,190740.00,A,4150.2980102,N,08737.5636486,W,11.968,84.4,041218,0.0,E,A*2A\r\"
1543950461002303495,"""$GPRMC,190741.00,A,4150.2983523,N,08737.5589170,W,12.961,86.6,041218,0.0,E,A*2E\r\"
1543950462011023567,"""$GPRMC,190742.00,A,4150.2989475,N,08737.5540438,W,12.704,88.4,041218,0.0,E,A*28\r\"
1543950463018227570,"""$GPRMC,190743.00,A,4150.2985394,N,08737.5494371,W,13.073,87.8,041218,0.0,E,A*2A\r\"
1543950464034402409,"""$GPRMC,190744.00,A,4150.2984413,N,08737.5448260,W,11.753,87.9,041218,0.0,E,A*22\r\"
1543950465035093962,"""$GPRMC,190745.00,A,4150.2984479,N,08737.5405619,W,11.213,88.9,041218,0.0,E,A*22\r\"
1543950466034070260,"""$GPRMC,190746.00,A,4150.2987589,N,08737.5365331,W,10.712,88.2,041218,0.0,E,A*2C\r\"
1543950467025924415,"""$GPRMC,190747.00,A,4150.2986299,N,08737.5324808,W,10.641,90.7,041218,0.0,E,A*25\r\"
1543950468027036502,"""$GPRMC,190748.00,A,4150.2985906,N,08737.5285070,W,10.696,88.1,041218,0.0,E,A*2C\r\"
1543950469027382296,"""$GPRMC,190749.00,A,4150.2985281,N,08737.5244608,W,11.133,89.4,041218,0.0,E,A*20\r\"
1543950470027771297,"""$GPRMC,190750.00,A,4150.2987765,N,08737.5204283,W,11.132,87.7,041218,0.0,E,A*2A\r\"
1543950471035041457,"""$GPRMC,190751.00,A,4150.2988927,N,08737.5163634,W,11.153,89.5,041218,0.0,E,A*2D\r\"
1543950472027851425,"""$GPRMC,190752.00,A,4150.2991382,N,08737.5117802,W,11.384,89.5,041218,0.0,E,A*23\r\"
1543950473031003578,"""$GPRMC,190753.00,A,4150.2997319,N,08737.5078719,W,11.611,88.6,041218,0.0,E,A*20\r\"
1543950474039018580,"""$GPRMC,190754.00,A,4150.2992415,N,08737.5035435,W,11.971,89.6,041218,0.0,E,A*25\r\"
1543950475031047335,"""$GPRMC,190755.00,A,4150.2993733,N,08737.4990862,W,12.192,89.7,041218,0.0,E,A*2C\r\"
1543950476042916478,"""$GPRMC,190756.00,A,4150.2990356,N,08737.4943266,W,11.638,89.4,041218,0.0,E,A*2C\r\"
1543950477039821552,"""$GPRMC,190757.00,A,4150.2992327,N,08737.4900781,W,11.579,90.9,041218,0.0,E,A*21\r\"
1543950478027023974,"""$GPRMC,190758.00,A,4150.2994162,N,08737.4858229,W,11.643,88.2,041218,0.0,E,A*28\r\"
1543950479026620101,"""$GPRMC,190759.00,A,4150.3000252,N,08737.4812845,W,11.683,90.2,041218,0.0,E,A*27\r\"
1543950480026744707,"""$GPRMC,190800.00,A,4150.3001134,N,08737.4768806,W,11.337,90.1,041218,0.0,E,A*2A\r\"
1543950481034899316,"""$GPRMC,190801.00,A,4150.3002685,N,08737.4727732,W,10.880,88.6,041218,0.0,E,A*2E\r\"
1543950482035273802,"""$GPRMC,190802.00,A,4150.3001792,N,08737.4688271,W,10.650,90.3,041218,0.0,E,A*20\r\"
1543950483030921125,"""$GPRMC,190803.00,A,4150.3001500,N,08737.4646322,W,10.869,89.4,041218,0.0,E,A*26\r\"
1543950484038820947,"""$GPRMC,190804.00,A,4150.3002222,N,08737.4607631,W,10.877,90.1,041218,0.0,E,A*25\r\"
1543950485030924219,"""$GPRMC,190805.00,A,4150.3010356,N,08737.4566601,W,10.782,92.3,041218,0.0,E,A*27\r\"
1543950486032703447,"""$GPRMC,190806.00,A,4150.3010424,N,08737.4526520,W,10.598,90.9,041218,0.0,E,A*23\r\"
1543950487034833086,"""$GPRMC,190807.00,A,4150.3010161,N,08737.4486422,W,10.743,90.7,041218,0.0,E,A*24\r\"
1543950488032253732,"""$GPRMC,190808.00,A,4150.3001776,N,08737.4447410,W,10.492,94.1,041218,0.0,E,A*2A\r\"
1543950489043685627,"""$GPRMC,190809.00,A,4150.2994581,N,08737.4409927,W,10.200,94.9,041218,0.0,E,A*23\r\"
1543950490042919246,"""$GPRMC,190810.00,A,4150.2990553,N,08737.4375005,W,9.752,96.7,041218,0.0,E,A*13\r\n"""
1543950491043327521,"""$GPRMC,190811.00,A,4150.2987441,N,08737.4339752,W,9.517,94.4,041218,0.0,E,A*19\r\n"""
1543950492039455193,"""$GPRMC,190812.00,A,4150.2990787,N,08737.4301519,W,9.105,92.0,041218,0.0,E,A*16\r\n"""
1543950493043574946,"""$GPRMC,190813.00,A,4150.2990285,N,08737.4269318,W,8.288,90.1,041218,0.0,E,A*1C\r\n"""
1543950494042980799,"""$GPRMC,190814.00,A,4150.2987106,N,08737.4240562,W,7.336,90.0,041218,0.0,E,A*1F\r\n"""
1543950495044394038,"""$GPRMC,190815.00,A,4150.2984635,N,08737.4219315,W,6.030,89.2,041218,0.0,E,A*1E\r\n"""
1543950496045239026,"""$GPRMC,190816.00,A,4150.2983936,N,08737.4201166,W,3.867,94.8,041218,0.0,E,A*10\r\n"""
1543950497042747396,"""$GPRMC,190817.00,A,4150.2997942,N,08737.4185318,W,1.759,93.6,041218,0.0,E,A*1A\r\n"""
1543950498043663854,"""$GPRMC,190818.00,A,4150.2982481,N,08737.4185907,W,1.361,83.8,041218,0.0,E,A*17\r\n"""
1543950499043077806,"""$GPRMC,190819.00,A,4150.2982114,N,08737.4190074,W,3.124,91.5,041218,0.0,E,A*19\r\n"""
1543950500043871956,"""$GPRMC,190820.00,A,4150.2983374,N,08737.4174183,W,5.005,91.6,041218,0.0,E,A*12\r\n"""
1543950501042745596,"""$GPRMC,190821.00,A,4150.2979997,N,08737.4155097,W,5.467,113.6,041218,0.0,E,A*2D\r\"
1543950502044532004,"""$GPRMC,190822.00,A,4150.2971516,N,08737.4137800,W,6.111,137.2,041218,0.0,E,A*24\r\"
1543950503048012149,"""$GPRMC,190823.00,A,4150.2955501,N,08737.4125244,W,7.347,158.5,041218,0.0,E,A*22\r\"
1543950504046798485,"""$GPRMC,190824.00,A,4150.2933304,N,08737.4118152,W,8.838,173.9,041218,0.0,E,A*25\r\"
1543950505042557472,"""$GPRMC,190825.00,A,4150.2906886,N,08737.4114365,W,10.344,176.2,041218,0.0,E,A*1E\r\"
1543950506027599595,"""$GPRMC,190826.00,A,4150.2884116,N,08737.4096572,W,10.882,176.9,041218,0.0,E,A*17\r\"
1543950507039121968,"""$GPRMC,190827.00,A,4150.2857436,N,08737.4090595,W,10.879,177.5,041218,0.0,E,A*19\r\"
1543950508027530146,"""$GPRMC,190828.00,A,4150.2817037,N,08737.4095889,W,9.825,180.7,041218,0.0,E,A*29\r\"
1543950509034796536,"""$GPRMC,190829.00,A,4150.2793000,N,08737.4093145,W,9.152,176.9,041218,0.0,E,A*2E\r\"
1543950510034766752,"""$GPRMC,190830.00,A,4150.2766448,N,08737.4092795,W,9.069,176.4,041218,0.0,E,A*2A\r\"
1543950511027384839,"""$GPRMC,190831.00,A,4150.2748607,N,08737.4084428,W,9.291,176.4,041218,0.0,E,A*29\r\"
1543950512019552941,"""$GPRMC,190832.00,A,4150.2715025,N,08737.4089350,W,10.273,177.9,041218,0.0,E,A*19\r\"
1543950513020241974,"""$GPRMC,190833.00,A,4150.2686466,N,08737.4087575,W,10.840,177.3,041218,0.0,E,A*1F\r\"
1543950514019457846,"""$GPRMC,190834.00,A,4150.2655652,N,08737.4086888,W,10.579,178.5,041218,0.0,E,A*13\r\"
1543950515027538304,"""$GPRMC,190835.00,A,4150.2626101,N,08737.4086163,W,9.458,173.9,041218,0.0,E,A*26\r\"
1543950516018983172,"""$GPRMC,190836.00,V,4150.2582911,N,08737.4099640,W,,,041218,0.0,E,N*3D\r\n"""
1543950517018822460,"""$GPRMC,190837.00,V,4150.2543398,N,08737.4097406,W,,,041218,0.0,E,N*34\r\n"""
1543950518012339652,"""$GPRMC,190838.00,V,4150.2514691,N,08737.4097331,W,,,041218,0.0,E,N*36\r\n"""
1543950519014407993,"""$GPRMC,190839.00,V,4150.2487999,N,08737.4096233,W,,,041218,0.0,E,N*39\r\n"""
1543950520012481549,"""$GPRMC,190840.00,V,4150.2460469,N,08737.4095461,W,,,041218,0.0,E,N*3E\r\n"""
1543950521015422094,"""$GPRMC,190841.00,A,4150.2450517,N,08737.4085721,W,10.157,179.0,041218,0.0,E,A*17\r\"
1543950522019324597,"""$GPRMC,190842.00,A,4150.2438329,N,08737.4077292,W,9.885,179.3,041218,0.0,E,A*2C\r\"
1543950523022797767,"""$GPRMC,190843.00,A,4150.2411578,N,08737.4078036,W,10.470,180.5,041218,0.0,E,A*19\r\"
1543950524026784380,"""$GPRMC,190844.00,A,4150.2376594,N,08737.4079247,W,9.827,177.2,041218,0.0,E,A*26\r\"
1543950525022476655,"""$GPRMC,190845.00,A,4150.2349986,N,08737.4077725,W,10.354,179.1,041218,0.0,E,A*11\r\"
1543950526027222925,"""$GPRMC,190846.00,A,4150.2322027,N,08737.4077075,W,9.853,178.7,041218,0.0,E,A*2C\r\"
1543950527031541382,"""$GPRMC,190847.00,A,4150.2295103,N,08737.4076694,W,10.065,179.3,041218,0.0,E,A*1F\r\"
1543950528024333985,"""$GPRMC,190848.00,A,4150.2265988,N,08737.4075602,W,10.307,179.2,041218,0.0,E,A*1E\r\"
1543950529026652502,"""$GPRMC,190849.00,A,4150.2235378,N,08737.4076128,W,10.369,179.9,041218,0.0,E,A*10\r\"
1543950530028088551,"""$GPRMC,190850.00,A,4150.2206897,N,08737.4076809,W,10.443,179.4,041218,0.0,E,A*1A\r\"
1543950531016771212,"""$GPRMC,190851.00,A,4150.2170331,N,08737.4079852,W,10.406,179.2,041218,0.0,E,A*18\r\"
1543950532031320438,"""$GPRMC,190852.00,A,4150.2147876,N,08737.4071099,W,10.383,179.3,041218,0.0,E,A*1B\r\"
1543950533023233425,"""$GPRMC,190853.00,A,4150.2121588,N,08737.4071903,W,10.979,179.2,041218,0.0,E,A*12\r\"
1543950534016544894,"""$GPRMC,190854.00,V,4150.1996531,N,08737.4121536,W,,,041218,0.0,E,N*3D\r\n"""
1543950535022775799,"""$GPRMC,190855.00,V,4150.1964855,N,08737.4120861,W,,,041218,0.0,E,N*30\r\n"""
1543950536027270160,"""$GPRMC,190856.00,A,4150.2026837,N,08737.4070795,W,11.380,179.1,041218,0.0,E,A*16\r\"
1543950537027331295,"""$GPRMC,190857.00,A,4150.1994880,N,08737.4069580,W,11.656,178.5,041218,0.0,E,A*1D\r\"
1543950538027154393,"""$GPRMC,190858.00,A,4150.1937487,N,08737.4081539,W,11.258,178.8,041218,0.0,E,A*13\r\"
1543950539031132695,"""$GPRMC,190859.00,A,4150.1904284,N,08737.4080809,W,11.802,179.3,041218,0.0,E,A*17\r\"
1543950540035121333,"""$GPRMC,190900.00,A,4150.1896250,N,08737.4064948,W,11.488,178.9,041218,0.0,E,A*12\r\"
1543950541035394015,"""$GPRMC,190901.00,A,4150.1865511,N,08737.4063036,W,11.889,177.8,041218,0.0,E,A*19\r\"
1543950542027984319,"""$GPRMC,190902.00,A,4150.1832103,N,08737.4061109,W,12.243,177.3,041218,0.0,E,A*14\r\"
1543950543020676464,"""$GPRMC,190903.00,A,4150.1797847,N,08737.4060606,W,12.324,177.7,041218,0.0,E,A*11\r\"
1543950544018105800,"""$GPRMC,190904.00,V,4150.1671799,N,08737.4106319,W,,,041218,0.0,E,N*31\r\n"""
1543950545011233537,"""$GPRMC,190905.00,V,4150.1696413,N,08737.4073256,W,,,041218,0.0,E,N*31\r\n"""
1543950546027187690,"""$GPRMC,190906.00,A,4150.1718886,N,08737.4042167,W,11.275,178.1,041218,0.0,E,A*11\r\"
1543950547040091912,"""$GPRMC,190907.00,A,4150.1675393,N,08737.4052210,W,11.397,179.4,041218,0.0,E,A*1E\r\"
1543950548039015568,"""$GPRMC,190908.00,A,4150.1652254,N,08737.4043203,W,11.055,178.0,041218,0.0,E,A*14\r\"
1543950549018801367,"""$GPRMC,190909.00,A,4150.1618505,N,08737.4048954,W,11.223,180.0,041218,0.0,E,A*1E\r\"
1543950550027970462,"""$GPRMC,190910.00,A,4150.1581845,N,08737.4045128,W,10.794,175.3,041218,0.0,E,A*13\r\"
1543950551031240683,"""$GPRMC,190911.00,A,4150.1550822,N,08737.4044668,W,10.969,180.7,041218,0.0,E,A*1F\r\"
1543950552031887216,"""$GPRMC,190912.00,A,4150.1522236,N,08737.4042726,W,10.409,176.8,041218,0.0,E,A*16\r\"
1543950553021800773,"""$GPRMC,190913.00,A,4150.1490041,N,08737.4042600,W,11.140,177.3,041218,0.0,E,A*1B\r\"
1543950554019204524,"""$GPRMC,190914.00,A,4150.1464917,N,08737.4040135,W,10.683,180.3,041218,0.0,E,A*1F\r\"
1543950555013133009,"""$GPRMC,190915.00,A,4150.1438514,N,08737.4040940,W,9.632,182.5,041218,0.0,E,A*24\r\"
1543950556019217757,"""$GPRMC,190916.00,A,4150.1412084,N,08737.4040145,W,9.614,176.6,041218,0.0,E,A*22\r\"
1543950557022851459,"""$GPRMC,190917.00,A,4150.1387118,N,08737.4036463,W,9.372,180.3,041218,0.0,E,A*25\r\"
1543950558018157180,"""$GPRMC,190918.00,A,4150.1355982,N,08737.4043159,W,9.109,178.9,041218,0.0,E,A*23\r\"
1543950559010970699,"""$GPRMC,190919.00,A,4150.1326961,N,08737.4049739,W,9.069,181.4,041218,0.0,E,A*2D\r\"
1543950560010799716,"""$GPRMC,190920.00,A,4150.1327918,N,08737.4030715,W,7.765,182.9,041218,0.0,E,A*23\r\"
1543950561018739333,"""$GPRMC,190921.00,A,4150.1301539,N,08737.4032652,W,7.152,174.7,041218,0.0,E,A*2C\r\"
1543950562021048071,"""$GPRMC,190922.00,A,4150.1279227,N,08737.4032779,W,7.203,176.9,041218,0.0,E,A*2A\r\"
1543950563022983160,"""$GPRMC,190923.00,A,4150.1246987,N,08737.4037706,W,7.548,179.2,041218,0.0,E,A*27\r\"
1543950564018206369,"""$GPRMC,190924.00,A,4150.1229190,N,08737.4036434,W,8.083,178.8,041218,0.0,E,A*22\r\"
1543950565019069344,"""$GPRMC,190925.00,A,4150.1208993,N,08737.4033444,W,8.383,178.3,041218,0.0,E,A*21\r\"
1543950566024050075,"""$GPRMC,190926.00,A,4150.1175629,N,08737.4037037,W,8.337,178.3,041218,0.0,E,A*2E\r\"
1543950567019884280,"""$GPRMC,190927.00,A,4150.1154226,N,08737.4034876,W,8.590,180.7,041218,0.0,E,A*21\r\"
1543950568010881694,"""$GPRMC,190928.00,A,4150.1132641,N,08737.4036380,W,8.023,180.3,041218,0.0,E,A*22\r\"
1543950569011082872,"""$GPRMC,190929.00,A,4150.1111892,N,08737.4035413,W,7.666,178.4,041218,0.0,E,A*24\r\"
1543950570016598977,"""$GPRMC,190930.00,A,4150.1090469,N,08737.4034674,W,8.066,178.1,041218,0.0,E,A*22\r\"
1543950571024276884,"""$GPRMC,190931.00,A,4150.1061451,N,08737.4036737,W,7.267,180.6,041218,0.0,E,A*2E\r\"
1543950572010721351,"""$GPRMC,190932.00,A,4150.1065595,N,08737.4025533,W,7.237,178.3,041218,0.0,E,A*23\r\"
1543950573008637847,"""$GPRMC,190933.00,A,4150.1043644,N,08737.4024283,W,5.883,168.6,041218,0.0,E,A*27\r\"
1543950574023554258,"""$GPRMC,190934.00,A,4150.0998460,N,08737.4037717,W,8.081,180.7,041218,0.0,E,A*20\r\"
1543950575031737171,"""$GPRMC,190935.00,A,4150.0976766,N,08737.4043202,W,8.747,183.7,041218,0.0,E,A*28\r\"
1543950576021673500,"""$GPRMC,190936.00,A,4150.0950441,N,08737.4042015,W,8.656,184.7,041218,0.0,E,A*2A\r\"
1543950577026543787,"""$GPRMC,190937.00,A,4150.0929677,N,08737.4035487,W,8.052,175.4,041218,0.0,E,A*22\r\"
1543950578031711242,"""$GPRMC,190938.00,A,4150.0902995,N,08737.4048760,W,8.170,186.0,041218,0.0,E,A*2E\r\"
1543950579031455361,"""$GPRMC,190939.00,A,4150.0877866,N,08737.4052892,W,7.821,199.8,041218,0.0,E,A*2C\r\"
1543950580034751907,"""$GPRMC,190940.00,A,4150.0859837,N,08737.4068502,W,8.014,220.1,041218,0.0,E,A*2E\r\"
1543950581031481872,"""$GPRMC,190941.00,A,4150.0846216,N,08737.4092393,W,8.246,245.7,041218,0.0,E,A*23\r\"
1543950582031945196,"""$GPRMC,190942.00,A,4150.0839478,N,08737.4122708,W,8.698,260.0,041218,0.0,E,A*2D\r\"
1543950583025762563,"""$GPRMC,190943.00,A,4150.0838424,N,08737.4156135,W,9.654,267.0,041218,0.0,E,A*29\r\"
1543950584023718447,"""$GPRMC,190944.00,A,4150.0845931,N,08737.4184604,W,10.090,268.7,041218,0.0,E,A*19\r\"
1543950585019652811,"""$GPRMC,190945.00,A,4150.0844737,N,08737.4222840,W,10.710,267.2,041218,0.0,E,A*15\r\"
1543950586020746826,"""$GPRMC,190946.00,A,4150.0845507,N,08737.4261716,W,10.572,271.7,041218,0.0,E,A*19\r\"
1543950587009822469,"""$GPRMC,190947.00,V,4150.0856974,N,08737.4294860,W,,,041218,0.0,E,N*3C\r\n"""
1543950588010455249,"""$GPRMC,190948.00,V,4150.0810201,N,08737.4357911,W,,,041218,0.0,E,N*31\r\n"""
1543950589017614359,"""$GPRMC,190949.00,A,4150.0839967,N,08737.4377598,W,10.060,267.2,041218,0.0,E,A*11\r\"
1543950590030039965,"""$GPRMC,190950.00,A,4150.0833623,N,08737.4418777,W,10.257,268.0,041218,0.0,E,A*1A\r\"
1543950591026723931,"""$GPRMC,190951.00,A,4150.0829362,N,08737.4454643,W,9.523,273.0,041218,0.0,E,A*28\r\"
1543950592027433325,"""$GPRMC,190952.00,A,4150.0825399,N,08737.4489368,W,8.601,272.9,041218,0.0,E,A*25\r\"
1543950593027400695,"""$GPRMC,190953.00,A,4150.0837762,N,08737.4519809,W,8.357,271.5,041218,0.0,E,A*2A\r\"
1543950594023942932,"""$GPRMC,190954.00,A,4150.0827470,N,08737.4557881,W,8.488,268.6,041218,0.0,E,A*28\r\"
1543950595027895389,"""$GPRMC,190955.00,A,4150.0829705,N,08737.4586944,W,7.768,268.5,041218,0.0,E,A*23\r\"
1543950596023284415,"""$GPRMC,190956.00,V,4150.0804646,N,08737.4628699,W,,,041218,0.0,E,N*3E\r\n"""
1543950597018255628,"""$GPRMC,190957.00,A,4150.0828228,N,08737.4644914,W,7.490,270.7,041218,0.0,E,A*2D\r\"
1543950598015198232,"""$GPRMC,190958.00,A,4150.0831477,N,08737.4669707,W,7.590,262.2,041218,0.0,E,A*22\r\"
1543950599015260662,"""$GPRMC,190959.00,A,4150.0828346,N,08737.4697126,W,7.022,267.0,041218,0.0,E,A*21\r\"
1543950600011290085,"""$GPRMC,191000.00,A,4150.0851052,N,08737.4709176,W,6.425,273.5,041218,0.0,E,A*2C\r\"
1543950601015719431,"""$GPRMC,191001.00,A,4150.0843970,N,08737.4736779,W,6.962,268.8,041218,0.0,E,A*2B\r\"
1543950602027193542,"""$GPRMC,191002.00,A,4150.0837079,N,08737.4762751,W,7.012,267.1,041218,0.0,E,A*29\r\"
1543950603032274370,"""$GPRMC,191003.00,A,4150.0828582,N,08737.4795179,W,7.066,267.2,041218,0.0,E,A*23\r\"
1543950604030512394,"""$GPRMC,191004.00,A,4150.0823580,N,08737.4826572,W,6.829,269.9,041218,0.0,E,A*22\r\"
1543950605019039823,"""$GPRMC,191005.00,A,4150.0830216,N,08737.4843458,W,6.644,274.1,041218,0.0,E,A*22\r\"
1543950606025219970,"""$GPRMC,191006.00,A,4150.0826447,N,08737.4873004,W,6.725,271.0,041218,0.0,E,A*28\r\"
1543950607034531600,"""$GPRMC,191007.00,A,4150.0820723,N,08737.4901740,W,7.082,268.0,041218,0.0,E,A*2E\r\"
1543950608020313169,"""$GPRMC,191008.00,A,4150.0850292,N,08737.4913891,W,7.516,266.8,041218,0.0,E,A*27\r\"
1543950609022180809,"""$GPRMC,191009.00,A,4150.0824896,N,08737.4952967,W,7.533,264.5,041218,0.0,E,A*2E\r\"
1543950610033874051,"""$GPRMC,191010.00,A,4150.0817607,N,08737.4977177,W,7.866,274.1,041218,0.0,E,A*26\r\"
1543950611034945509,"""$GPRMC,191011.00,A,4150.0823037,N,08737.5010876,W,7.879,270.0,041218,0.0,E,A*2F\r\"
1543950612026277473,"""$GPRMC,191012.00,A,4150.0821141,N,08737.5040498,W,8.017,269.1,041218,0.0,E,A*21\r\"
1543950613014602450,"""$GPRMC,191013.00,A,4150.0832831,N,08737.5061654,W,7.703,271.8,041218,0.0,E,A*20\r\"
1543950614027481687,"""$GPRMC,191014.00,A,4150.0818959,N,08737.5098176,W,8.002,267.4,041218,0.0,E,A*23\r\"
1543950615026037955,"""$GPRMC,191015.00,A,4150.0818901,N,08737.5129658,W,7.807,268.8,041218,0.0,E,A*2E\r\"
1543950616030308679,"""$GPRMC,191016.00,A,4150.0817368,N,08737.5155069,W,7.572,267.3,041218,0.0,E,A*23\r\"
1543950617034355038,"""$GPRMC,191017.00,A,4150.0817590,N,08737.5182484,W,7.480,269.2,041218,0.0,E,A*2D\r\"
1543950618019101400,"""$GPRMC,191018.00,A,4150.0831847,N,08737.5202388,W,7.334,266.5,041218,0.0,E,A*21\r\"
1543950619030129259,"""$GPRMC,191019.00,A,4150.0823059,N,08737.5231443,W,7.266,271.4,041218,0.0,E,A*25\r\"
1543950620045925601,"""$GPRMC,191020.00,A,4150.0818540,N,08737.5261726,W,6.616,269.4,041218,0.0,E,A*24\r\"
1543950621031038418,"""$GPRMC,191021.00,A,4150.0819107,N,08737.5289725,W,7.017,269.4,041218,0.0,E,A*20\r\"
1543950622019834338,"""$GPRMC,191022.00,A,4150.0818286,N,08737.5316910,W,7.554,269.8,041218,0.0,E,A*29\r\"
1543950623015199063,"""$GPRMC,191023.00,A,4150.0818454,N,08737.5346152,W,7.995,272.3,041218,0.0,E,A*2A\r\"
1543950624013980498,"""$GPRMC,191024.00,A,4150.0819056,N,08737.5376966,W,8.360,273.8,041218,0.0,E,A*23\r\"
1543950625015234236,"""$GPRMC,191025.00,A,4150.0831548,N,08737.5400921,W,9.133,270.6,041218,0.0,E,A*2F\r\"
1543950626015050980,"""$GPRMC,191026.00,A,4150.0828802,N,08737.5437044,W,9.179,272.5,041218,0.0,E,A*26\r\"
1543950627023148180,"""$GPRMC,191027.00,A,4150.0847354,N,08737.5466148,W,9.591,273.8,041218,0.0,E,A*21\r\"
1543950628021752262,"""$GPRMC,191028.00,A,4150.0827135,N,08737.5509302,W,9.866,269.0,041218,0.0,E,A*2F\r\"
1543950629024969524,"""$GPRMC,191029.00,V,,,,,,,041218,0.0,E,N*1A\r\n"""
1543950630005757205,"""$GPRMC,191030.00,V,,,,,,,041218,0.0,E,N*12\r\n"""
1543950631001342456,"""$GPRMC,191031.00,V,,,,,,,041218,0.0,E,N*13\r\n"""
1543950631996236931,"""$GPRMC,191032.00,V,,,,,,,041218,0.0,E,N*10\r\n"""
1543950633001913340,"""$GPRMC,191033.00,V,4150.0823755,N,08737.5701244,W,,,041218,0.0,E,N*3C\r\n"""
1543950634014226082,"""$GPRMC,191034.00,A,4150.0841244,N,08737.5730854,W,9.638,269.6,041218,0.0,E,A*24\r\"
1543950635016893437,"""$GPRMC,191035.00,A,4150.0827232,N,08737.5774371,W,8.887,271.4,041218,0.0,E,A*28\r\"
1543950636027048051,"""$GPRMC,191036.00,A,4150.0827565,N,08737.5806489,W,8.532,272.7,041218,0.0,E,A*27\r\"
1543950637027536991,"""$GPRMC,191037.00,A,4150.0827760,N,08737.5833975,W,8.210,285.6,041218,0.0,E,A*27\r\"
1543950638030100300,"""$GPRMC,191038.00,A,4150.0835323,N,08737.5863632,W,8.350,304.5,041218,0.0,E,A*2F\r\"
1543950639031136740,"""$GPRMC,191039.00,A,4150.0851372,N,08737.5885884,W,8.528,329.4,041218,0.0,E,A*24\r\"
1543950640030752188,"""$GPRMC,191040.00,A,4150.0871068,N,08737.5897199,W,8.574,348.9,041218,0.0,E,A*25\r\"
1543950641027008101,"""$GPRMC,191041.00,A,4150.0899391,N,08737.5901602,W,9.344,359.0,041218,0.0,E,A*21\r\"
1543950642018208485,"""$GPRMC,191042.00,A,4150.0920542,N,08737.5904166,W,9.616,358.5,041218,0.0,E,A*2F\r\"
1543950643009959794,"""$GPRMC,191043.00,V,4150.0920208,N,08737.5919157,W,,,041218,0.0,E,N*32\r\n"""
1543950644015044790,"""$GPRMC,191044.00,A,4150.0986752,N,08737.5902648,W,10.896,0.7,041218,0.0,E,A*19\r\n"""
1543950645022191775,"""$GPRMC,191045.00,A,4150.1014828,N,08737.5902599,W,9.926,359.3,041218,0.0,E,A*2F\r\"
1543950646026508008,"""$GPRMC,191046.00,A,4150.1040972,N,08737.5902754,W,10.109,358.7,041218,0.0,E,A*18\r\"
1543950647009863861,"""$GPRMC,191047.00,V,4150.1030121,N,08737.5923246,W,,,041218,0.0,E,N*3D\r\n"""
1543950648013732180,"""$GPRMC,191048.00,V,4150.1058928,N,08737.5923734,W,,,041218,0.0,E,N*3D\r\n"""
1543950649017745193,"""$GPRMC,191049.00,A,4150.1123821,N,08737.5907080,W,10.868,357.6,041218,0.0,E,A*1F\r\"
1543950650022710832,"""$GPRMC,191050.00,A,4150.1153849,N,08737.5907092,W,10.167,358.1,041218,0.0,E,A*13\r\"
1543950651027564574,"""$GPRMC,191051.00,A,4150.1185785,N,08737.5902497,W,11.140,358.3,041218,0.0,E,A*14\r\"
1543950652017584572,"""$GPRMC,191052.00,V,4150.1240134,N,08737.5891838,W,,,041218,0.0,E,N*33\r\n"""
1543950653005589515,"""$GPRMC,191053.00,A,4150.1250049,N,08737.5902794,W,9.866,0.4,041218,0.0,E,A*27\r\n"""
1543950653997383881,"""$GPRMC,191054.00,V,,,,,,,041218,0.0,E,N*10\r\n"""
1543950655005630418,"""$GPRMC,191055.00,V,4150.1273687,N,08737.5923304,W,,,041218,0.0,E,N*37\r\n"""
1543950656019100201,"""$GPRMC,191056.00,A,4150.1329781,N,08737.5910539,W,10.589,358.8,041218,0.0,E,A*1E\r\"
1543950657013749598,"""$GPRMC,191057.00,A,4150.1369626,N,08737.5903500,W,10.054,356.6,041218,0.0,E,A*1A\r\"
1543950658018089334,"""$GPRMC,191058.00,A,4150.1396712,N,08737.5904952,W,11.626,1.9,041218,0.0,E,A*13\r\n"""
1543950659004133518,"""$GPRMC,191059.00,A,4150.1428867,N,08737.5902757,W,10.834,0.9,041218,0.0,E,A*1D\r\n"""
1543950660007387371,"""$GPRMC,191100.00,A,4150.1452250,N,08737.5907260,W,10.500,359.6,041218,0.0,E,A*1D\r\"
1543950661014814749,"""$GPRMC,191101.00,A,4150.1474463,N,08737.5905422,W,10.659,2.8,041218,0.0,E,A*10\r\n"""
1543950662014752267,"""$GPRMC,191102.00,A,4150.1511786,N,08737.5904958,W,9.731,358.2,041218,0.0,E,A*29\r\"
1543950663026550357,"""$GPRMC,191103.00,A,4150.1521754,N,08737.5910136,W,10.071,0.3,041218,0.0,E,A*15\r\n"""
1543950664030521218,"""$GPRMC,191104.00,A,4150.1552864,N,08737.5912677,W,9.775,1.2,041218,0.0,E,A*21\r\n"""
1543950665027170456,"""$GPRMC,191105.00,A,4150.1587105,N,08737.5908628,W,9.671,358.1,041218,0.0,E,A*2E\r\"
1543950666026849809,"""$GPRMC,191106.00,A,4150.1613527,N,08737.5909557,W,9.447,357.6,041218,0.0,E,A*22\r\"
1543950667027397155,"""$GPRMC,191107.00,A,4150.1642682,N,08737.5910411,W,10.355,358.5,041218,0.0,E,A*10\r\"
1543950668000575673,"""$GPRMC,191108.00,V,4150.1678624,N,08737.5909280,W,,,041218,0.0,E,N*3D\r\n"""
1543950669017820997,"""$GPRMC,191109.00,A,4150.1696436,N,08737.5918716,W,10.282,359.6,041218,0.0,E,A*1F\r\"
1543950670026848997,"""$GPRMC,191110.00,A,4150.1724411,N,08737.5919502,W,10.706,360.0,041218,0.0,E,A*19\r\"
1543950671005727237,"""$GPRMC,191111.00,A,4150.1748564,N,08737.5914845,W,11.657,358.6,041218,0.0,E,A*1B\r\"
1543950672026710022,"""$GPRMC,191112.00,A,4150.1785635,N,08737.5920316,W,13.223,355.2,041218,0.0,E,A*18\r\"
1543950673022518746,"""$GPRMC,191113.00,A,4150.1824235,N,08737.5923395,W,15.071,354.0,041218,0.0,E,A*11\r\"
1543950674034572171,"""$GPRMC,191114.00,A,4150.1868300,N,08737.5931635,W,15.349,354.6,041218,0.0,E,A*1B\r\"
1543950675034461163,"""$GPRMC,191115.00,A,4150.1909500,N,08737.5937558,W,15.093,355.6,041218,0.0,E,A*11\r\"
1543950676019468760,"""$GPRMC,191116.00,A,4150.1953018,N,08737.5944111,W,14.832,356.5,041218,0.0,E,A*1E\r\"
1543950677018462258,"""$GPRMC,191117.00,A,4150.1992387,N,08737.5947116,W,14.902,357.2,041218,0.0,E,A*17\r\"
1543950678026330827,"""$GPRMC,191118.00,A,4150.2035114,N,08737.5948454,W,15.160,358.6,041218,0.0,E,A*1D\r\"
1543950679011225458,"""$GPRMC,191119.00,A,4150.2086134,N,08737.5942819,W,15.693,357.0,041218,0.0,E,A*1B\r\"
