rosbagTimestamp,data,,,,,,,,,,,,,,,,,,,,,,,,,,
1.53488901752555E+018,SOL_COMPUTED,NARROW_FLOAT,196976.1596,-4755084.396,4232285.6255,0.1336,0.2221,0.2437,SOL_COMPUTED,NARROW_FLOAT,0.0038,-0.0087,0.0109,0.0144,0.0217,0.0326,79417,A,41.8376192517,N,87.6279172217,W,0.008,56.4,21,8,18
1.53488901852695E+018,SOL_COMPUTED,NARROW_FLOAT,196976.1507,-4755084.3777,4232285.6042,0.1328,0.221,0.2421,SOL_COMPUTED,NARROW_FLOAT,0.0087,-0.0034,0.0016,0.0133,0.0205,0.0316,79418,A,41.8376192217,N,87.62791732,W,0.017,98.9,21,8,18
1.53488901952775E+018,SOL_COMPUTED,NARROW_FLOAT,196976.1419,-4755084.3599,4232285.5852,0.1322,0.22,0.2407,SOL_COMPUTED,NARROW_FLOAT,-0.0018,-0.0051,0.006,0.0157,0.0243,0.0374,79419,A,41.8376192033,N,87.6279174167,W,0.004,298.6,21,8,18
1.53488902053116E+018,SOL_COMPUTED,NARROW_FLOAT,196976.1411,-4755084.3514,4232285.5529,0.1315,0.2188,0.2389,SOL_COMPUTED,NARROW_FLOAT,0.0012,0.0003,-0.0219,0.0141,0.0223,0.0344,79420,A,41.8376190367,N,87.6279174217,W,0.032,175.6,21,8,18
1.53488902152497E+018,SOL_COMPUTED,NARROW_FLOAT,196976.1357,-4755084.3265,4232285.5256,0.1308,0.2177,0.2373,SOL_COMPUTED,NARROW_FLOAT,0.0018,0.0048,0.0116,0.0133,0.0213,0.033,79421,A,41.837619005,N,87.6279174733,W,0.023,9.8,21,8,18
1.53488902253202E+018,SOL_COMPUTED,NARROW_FLOAT,196976.1266,-4755084.3145,4232285.5133,0.1302,0.2166,0.2358,SOL_COMPUTED,NARROW_FLOAT,0.0008,-0.0092,-0.0025,0.0133,0.0211,0.0326,79422,A,41.8376189967,N,87.6279175767,W,0.016,177.2,21,8,18
1.53488902353169E+018,SOL_COMPUTED,NARROW_FLOAT,196976.1219,-4755084.3059,4232285.4967,0.1296,0.2156,0.2343,SOL_COMPUTED,NARROW_FLOAT,-0.0048,-0.002,0.0033,0.0141,0.0221,0.0341,79423,A,41.8376189383,N,87.62791763,W,0.01,284.4,21,8,18
1.53488902452937E+018,SOL_COMPUTED,NARROW_FLOAT,196976.1124,-4755084.276,4232285.4632,0.1291,0.2146,0.2329,SOL_COMPUTED,NARROW_FLOAT,0.0008,0.0005,0.0031,0.0154,0.0244,0.0378,79424,A,41.837618895,N,87.6279177283,W,0.005,16.6,21,8,18
1.53488902553179E+018,SOL_COMPUTED,NARROW_FLOAT,196976.1043,-4755084.2546,4232285.4354,0.1284,0.2134,0.2311,SOL_COMPUTED,NARROW_FLOAT,0.0012,0.0045,-0.0081,0.015,0.0237,0.0367,79425,A,41.8376188383,N,87.6279178167,W,0.007,155.5,21,8,18
1.53488902653295E+018,SOL_COMPUTED,NARROW_FLOAT,196976.1015,-4755084.2205,4232285.3843,0.1279,0.2126,0.2301,SOL_COMPUTED,NARROW_FLOAT,0.0058,0.0165,-0.0262,0.0164,0.028,0.0446,79426,A,41.8376187017,N,87.6279178333,W,0.021,143.5,21,8,18
1.53488902752957E+018,SOL_COMPUTED,NARROW_FLOAT,196976.0981,-4755084.2091,4232285.3571,0.1273,0.2114,0.2282,SOL_COMPUTED,NARROW_FLOAT,-0.0022,0.0031,0.0005,0.0138,0.0236,0.0375,79427,A,41.8376185883,N,87.6279178683,W,0.006,320.1,21,8,18
1.53488902852997E+018,SOL_COMPUTED,NARROW_FLOAT,196976.0967,-4755084.1777,4232285.3187,0.1267,0.2104,0.2268,SOL_COMPUTED,NARROW_FLOAT,0.0004,0.0058,0.0002,0.0138,0.0236,0.0375,79428,A,41.83761852,N,87.62791787,W,0.008,9.1,21,8,18
1.53488902953353E+018,SOL_COMPUTED,NARROW_FLOAT,196976.0913,-4755084.1649,4232285.2989,0.1263,0.2096,0.2257,SOL_COMPUTED,NARROW_FLOAT,-0.0062,-0.0002,0.0135,0.0153,0.0262,0.0416,79429,A,41.837618465,N,87.6279179283,W,0.023,328.5,21,8,18
1.53488903053316E+018,SOL_COMPUTED,NARROW_FLOAT,196976.0865,-4755084.1446,4232285.2747,0.1263,0.2087,0.2261,SOL_COMPUTED,NARROW_FLOAT,-0.0071,0.001,0.0221,0.0224,0.0268,0.0574,79430,A,41.837618425,N,87.627917975,W,0.036,337.9,21,8,18
1.53488903153272E+018,SOL_COMPUTED,NARROW_FLOAT,196976.0729,-4755084.118,4232285.2467,0.1259,0.2075,0.2243,SOL_COMPUTED,NARROW_FLOAT,0.0202,0.0153,-0.0635,0.051,0.0533,0.1289,79431,A,41.8376184,N,87.627918125,W,0.084,151.1,21,8,18
1.53488903253516E+018,SOL_COMPUTED,NARROW_FLOAT,196976.0691,-4755084.1046,4232285.2193,0.1256,0.2066,0.2232,SOL_COMPUTED,NARROW_FLOAT,-0.012,0.0069,0.0147,0.0228,0.0238,0.0575,79432,A,41.8376182983,N,87.627918165,W,0.038,323.6,21,8,18
1.53488903353241E+018,SOL_COMPUTED,NARROW_FLOAT,196976.0626,-4755084.0871,4232285.1993,0.126,0.206,0.2224,SOL_COMPUTED,NARROW_FLOAT,-0.0005,0.0406,-0.0144,0.0618,0.0558,0.132,79433,A,41.8376182717,N,87.627918235,W,0.032,4,21,8,18
1.53488903453595E+018,SOL_COMPUTED,NARROW_FLOAT,196976.0585,-4755084.0631,4232285.1643,0.1259,0.2051,0.2211,SOL_COMPUTED,NARROW_FLOAT,-0.0092,0.0205,-0.0125,0.0276,0.0249,0.0589,79434,A,41.8376181817,N,87.6279182717,W,0.019,299.1,21,8,18
1.53488903553482E+018,SOL_COMPUTED,NARROW_FLOAT,196976.0507,-4755084.0473,4232285.1507,0.128,0.2054,0.2256,SOL_COMPUTED,NARROW_FLOAT,0.0146,0.0123,-0.0407,0.1184,0.107,0.2532,79435,A,41.8376181867,N,87.6279183567,W,0.053,146.2,21,8,18
1.53488903653506E+018,SOL_COMPUTED,NARROW_FLOAT,196976.0505,-4755084.0275,4232285.115,0.1273,0.2044,0.2232,SOL_COMPUTED,NARROW_FLOAT,0.0029,0.0063,-0.0097,0.049,0.0442,0.1045,79436,A,41.8376180667,N,87.62791835,W,0.009,134,21,8,18
1.53488903753854E+018,SOL_COMPUTED,NARROW_FLOAT,196976.0476,-4755084.0118,4232285.0865,0.1268,0.2034,0.221,SOL_COMPUTED,NARROW_FLOAT,0.0058,-0.0017,-0.0004,0.0515,0.0465,0.1096,79437,A,41.83761797,N,87.6279183767,W,0.012,105.8,21,8,18
1.53488903853881E+018,SOL_COMPUTED,NARROW_FLOAT,196976.0383,-4755084.0012,4232285.0721,0.1262,0.2024,0.2187,SOL_COMPUTED,NARROW_FLOAT,-0.0114,0.0027,0.0042,0.0376,0.034,0.0801,79438,A,41.83761794,N,87.6279184833,W,0.024,294.9,21,8,18
1.53488903953636E+018,SOL_COMPUTED,NARROW_FLOAT,196976.0371,-4755083.9675,4232285.0184,0.1291,0.2032,0.2256,SOL_COMPUTED,NARROW_FLOAT,0.0073,0.0255,-0.0521,0.0615,0.0556,0.1312,79439,A,41.8376177817,N,87.62791848,W,0.046,159.2,21,8,18
1.53488904053897E+018,SOL_COMPUTED,NARROW_FLOAT,196976.0312,-4755083.9342,4232284.9869,0.1299,0.2029,0.2269,SOL_COMPUTED,NARROW_FLOAT,0.002,0.0196,-0.0144,0.074,0.067,0.1582,79440,A,41.8376177717,N,87.627918535,W,0.007,50.9,21,8,18
1.53488904154047E+018,SOL_COMPUTED,NARROW_FLOAT,196976.0201,-4755083.9214,4232284.9745,0.1296,0.202,0.2252,SOL_COMPUTED,NARROW_FLOAT,-0.0065,-0.0211,0.0313,0.0725,0.0657,0.1549,79441,A,41.8376177683,N,87.6279186633,W,0.023,322,21,8,18
1.53488904253585E+018,SOL_COMPUTED,NARROW_FLOAT,196976.0148,-4755083.8993,4232284.9532,0.1251,0.1997,0.2132,SOL_COMPUTED,NARROW_FLOAT,0.0044,0.0001,0.0106,0.0291,0.0434,0.0723,79442,A,41.8376177583,N,87.627918715,W,0.018,29.5,21,8,18
1.53488904354066E+018,SOL_COMPUTED,NARROW_FLOAT,196976.0054,-4755083.8714,4232284.919,0.1245,0.1988,0.2113,SOL_COMPUTED,NARROW_FLOAT,-0.0035,0.0078,-0.0171,0.0266,0.0402,0.0665,79443,A,41.8376177,N,87.627918815,W,0.016,203.3,21,8,18
1.53488904454175E+018,SOL_COMPUTED,NARROW_FLOAT,196976.0024,-4755083.8576,4232284.8954,0.124,0.1975,0.2085,SOL_COMPUTED,NARROW_FLOAT,-0.0001,0.0014,0.0048,0.0201,0.0306,0.0503,79444,A,41.837617625,N,87.6279188433,W,0.009,359.5,21,8,18
1.53488904554236E+018,SOL_COMPUTED,NARROW_FLOAT,196975.9933,-4755083.8423,4232284.8591,0.1239,0.1969,0.2077,SOL_COMPUTED,NARROW_FLOAT,-0.0036,-0.0043,-0.014,0.0212,0.032,0.0528,79445,A,41.837617475,N,87.627918945,W,0.027,195.7,21,8,18
1.53488904653867E+018,SOL_COMPUTED,NARROW_FLOAT,196975.9981,-4755083.8301,4232284.838,0.1238,0.1966,0.2074,SOL_COMPUTED,NARROW_FLOAT,0.008,-0.0002,0.0152,0.0236,0.0403,0.0621,79446,A,41.837617405,N,87.6279188817,W,0.026,36.2,21,8,18
1.53488904754236E+018,SOL_COMPUTED,NARROW_FLOAT,196975.9914,-4755083.8069,4232284.7913,0.1231,0.1954,0.2051,SOL_COMPUTED,NARROW_FLOAT,-0.0043,0.0055,-0.0257,0.0224,0.038,0.0587,79447,A,41.8376172333,N,87.6279189517,W,0.031,194.8,21,8,18
1.5348890485439E+018,SOL_COMPUTED,NARROW_FLOAT,196975.99,-4755083.7912,4232284.7613,0.1231,0.1951,0.2049,SOL_COMPUTED,NARROW_FLOAT,0.0078,-0.0256,0.0217,0.0332,0.0562,0.0871,79448,A,41.8376171267,N,87.62791896,W,0.013,99.6,21,8,18
1.53488904954253E+018,SOL_COMPUTED,NARROW_FLOAT,196975.9837,-4755083.7677,4232284.722,0.1224,0.1937,0.2023,SOL_COMPUTED,NARROW_FLOAT,0.0022,-0.0082,0.0063,0.0221,0.0375,0.0579,79449,A,41.837617005,N,87.6279190233,W,0.004,114,21,8,18
1.53488905054611E+018,SOL_COMPUTED,NARROW_FLOAT,196975.9746,-4755083.7499,4232284.6912,0.1237,0.1932,0.2048,SOL_COMPUTED,NARROW_FLOAT,-0.0105,-0.0061,0.0308,0.0347,0.0368,0.0764,79450,A,41.8376169083,N,87.627919125,W,0.043,330.9,21,8,18
1.53488905154336E+018,SOL_COMPUTED,NARROW_FLOAT,196975.9734,-4755083.721,4232284.6299,0.1255,0.1931,0.208,SOL_COMPUTED,NARROW_FLOAT,-0.0038,0.0069,-0.0286,0.0537,0.0484,0.1134,79451,A,41.83761667,N,87.627919125,W,0.033,191.8,21,8,18
1.53488905254576E+018,SOL_COMPUTED,NARROW_FLOAT,196975.9735,-4755083.6851,4232284.5799,0.1272,0.1933,0.2119,SOL_COMPUTED,NARROW_FLOAT,-0.0623,0.0384,0.0354,0.1609,0.1452,0.3402,79452,A,41.83761655,N,87.627919105,W,0.157,311.5,21,8,18
1.53488905354541E+018,SOL_COMPUTED,NARROW_FLOAT,196975.9524,-4755083.6671,4232284.5787,0.1266,0.1924,0.2095,SOL_COMPUTED,NARROW_FLOAT,-0.0441,-0.0139,0.0785,0.1505,0.1357,0.3182,79453,A,41.837616655,N,87.62791935,W,0.131,318.5,21,8,18
1.53488905454521E+018,SOL_COMPUTED,NARROW_FLOAT,196975.9518,-4755083.6464,4232284.5385,0.1256,0.1911,0.2059,SOL_COMPUTED,NARROW_FLOAT,-0.0013,0.0002,0.0173,0.0595,0.0536,0.1255,79454,A,41.83761651,N,87.6279193467,W,0.026,354.2,21,8,18
1.53488905554836E+018,SOL_COMPUTED,NARROW_FLOAT,196975.9459,-4755083.6184,4232284.4976,0.1276,0.1915,0.2105,SOL_COMPUTED,NARROW_FLOAT,-0.0076,-0.0162,0.0329,0.0894,0.0806,0.189,79455,A,41.837616405,N,87.6279194033,W,0.031,329.3,21,8,18
1.53488905654479E+018,SOL_COMPUTED,NARROW_FLOAT,196975.9389,-4755083.5914,4232284.4515,0.1276,0.1908,0.2097,SOL_COMPUTED,NARROW_FLOAT,-0.0114,0.0132,0.017,0.1677,0.1514,0.3544,79456,A,41.83761626,N,87.627919475,W,0.047,333.5,21,8,18
1.53488905754616E+018,SOL_COMPUTED,NARROW_FLOAT,196975.9321,-4755083.5703,4232284.412,0.1265,0.1896,0.206,SOL_COMPUTED,NARROW_FLOAT,-0.0027,-0.0163,0.0289,0.0739,0.0667,0.1561,79457,A,41.8376161233,N,87.6279195467,W,0.022,342.5,21,8,18
1.53488905854666E+018,SOL_COMPUTED,NARROW_FLOAT,196975.9304,-4755083.5522,4232284.3773,0.1261,0.1887,0.2039,SOL_COMPUTED,NARROW_FLOAT,0.0141,0.0065,-0.029,0.0848,0.0764,0.1787,79458,A,41.837616,N,87.6279195567,W,0.044,140.8,21,8,18
1.53488905954531E+018,SOL_COMPUTED,NARROW_FLOAT,196975.9264,-4755083.5282,4232284.3491,0.127,0.1885,0.2055,SOL_COMPUTED,NARROW_FLOAT,0.0064,-0.0206,0.0206,0.0794,0.0716,0.1672,79459,A,41.837615955,N,87.627919595,W,0.011,75.2,21,8,18
1.53488906054861E+018,SOL_COMPUTED,NARROW_FLOAT,196975.9208,-4755083.4976,4232284.2938,0.1226,0.1868,0.1941,SOL_COMPUTED,NARROW_FLOAT,0.0012,-0.0006,-0.0122,0.0371,0.0553,0.0916,79460,A,41.8376157683,N,87.627919645,W,0.019,172.8,21,8,18
1.53488906154811E+018,SOL_COMPUTED,NARROW_FLOAT,196975.9152,-4755083.4665,4232284.25,0.1216,0.1858,0.1914,SOL_COMPUTED,NARROW_FLOAT,0.0024,0.0269,-0.0228,0.0308,0.0512,0.0797,79461,A,41.8376156633,N,87.6279196967,W,0.007,76.5,21,8,18
1.53488906254986E+018,SOL_COMPUTED,NARROW_FLOAT,196975.9174,-4755083.436,4232284.1968,0.1211,0.185,0.1897,SOL_COMPUTED,NARROW_FLOAT,0.0021,-0.0183,0.0185,0.0315,0.0528,0.0818,79462,A,41.83761549,N,87.627919655,W,0.004,41.5,21,8,18
1.5348890635532E+018,SOL_COMPUTED,NARROW_FLOAT,196975.9056,-4755083.4221,4232284.1657,0.1206,0.1841,0.1879,SOL_COMPUTED,NARROW_FLOAT,-0.0116,-0.0047,0.0135,0.0301,0.0507,0.0782,79463,A,41.8376153667,N,87.6279197917,W,0.027,301.7,21,8,18
1.53488906454961E+018,SOL_COMPUTED,NARROW_FLOAT,196975.9006,-4755083.3751,4232284.0975,0.1206,0.1842,0.1891,SOL_COMPUTED,NARROW_FLOAT,0.0046,0.0167,-0.0143,0.0335,0.0569,0.0899,79464,A,41.8376151933,N,87.6279198283,W,0.01,86.1,21,8,18
1.53488906555125E+018,SOL_COMPUTED,NARROW_FLOAT,196975.8861,-4755083.356,4232284.0563,0.1192,0.1814,0.183,SOL_COMPUTED,NARROW_FLOAT,0.0035,-0.0119,-0.0022,0.0223,0.0355,0.0549,79465,A,41.837615035,N,87.6279199933,W,0.02,162.6,21,8,18
1.53488906655272E+018,SOL_COMPUTED,NARROW_FLOAT,196975.8803,-4755083.3352,4232284.0348,0.1189,0.1811,0.1831,SOL_COMPUTED,NARROW_FLOAT,0.0092,0.0052,-0.0071,0.0244,0.0416,0.0657,79466,A,41.8376150167,N,87.6279200533,W,0.019,102.5,21,8,18
1.53488906755203E+018,SOL_COMPUTED,NARROW_FLOAT,196975.8665,-4755083.2941,4232283.9874,0.1188,0.181,0.1836,SOL_COMPUTED,NARROW_FLOAT,-0.0034,0.0089,-0.0195,0.0298,0.0509,0.0802,79467,A,41.8376149483,N,87.6279201983,W,0.018,199.9,21,8,18
1.5348890685548E+018,SOL_COMPUTED,NARROW_FLOAT,196975.8541,-4755083.269,4232283.9533,0.1183,0.1797,0.1811,SOL_COMPUTED,NARROW_FLOAT,-0.0011,-0.0255,0.0129,0.0288,0.0456,0.0701,79468,A,41.8376148733,N,87.627920335,W,0.015,196.3,21,8,18
1.53488906954997E+018,SOL_COMPUTED,NARROW_FLOAT,196975.8462,-4755083.2528,4232283.9259,0.1179,0.1792,0.1807,SOL_COMPUTED,NARROW_FLOAT,0.0049,-0.0066,0.0131,0.0269,0.0446,0.0694,79469,A,41.8376147883,N,87.6279204217,W,0.013,41.4,21,8,18
1.53488907055355E+018,SOL_COMPUTED,NARROW_FLOAT,196975.8355,-4755083.2277,4232283.8999,0.1176,0.1787,0.1803,SOL_COMPUTED,NARROW_FLOAT,-0.0019,-0.0007,0.0081,0.0284,0.0487,0.0766,79470,A,41.8376147683,N,87.6279205383,W,0.012,340.9,21,8,18
1.53488907155328E+018,SOL_COMPUTED,NARROW_FLOAT,196975.8273,-4755083.1937,4232283.8499,0.1172,0.1779,0.179,SOL_COMPUTED,NARROW_FLOAT,-0.0082,0.0091,-0.006,0.0299,0.0512,0.0807,79471,A,41.8376146383,N,87.6279206183,W,0.016,283.3,21,8,18
1.53488907255771E+018,SOL_COMPUTED,NARROW_FLOAT,196975.8202,-4755083.1805,4232283.8204,0.1167,0.1769,0.1773,SOL_COMPUTED,NARROW_FLOAT,-0.0037,-0.0104,0.0139,0.0268,0.0457,0.0721,79472,A,41.8376145217,N,87.6279206983,W,0.011,310.9,21,8,18
1.53488907355405E+018,SOL_COMPUTED,NARROW_FLOAT,196975.8185,-4755083.1593,4232283.7901,0.1159,0.1755,0.1746,SOL_COMPUTED,NARROW_FLOAT,0.0051,-0.0045,0.0079,0.0231,0.0395,0.0621,79473,A,41.837614445,N,87.6279207083,W,0.011,60.5,21,8,18
1.53488907455891E+018,SOL_COMPUTED,NARROW_FLOAT,196975.8112,-4755083.1467,4232283.759,0.1157,0.175,0.1741,SOL_COMPUTED,NARROW_FLOAT,-0.0006,-0.0103,0.01,0.0255,0.0436,0.0686,79474,A,41.837614315,N,87.62792079,W,0.002,301.1,21,8,18
1.53488907555605E+018,SOL_COMPUTED,NARROW_FLOAT,196975.8037,-4755083.1162,4232283.7128,0.1151,0.1739,0.1722,SOL_COMPUTED,NARROW_FLOAT,0.0005,0.0088,-0.0078,0.0242,0.0415,0.0653,79475,A,41.83761419,N,87.627920865,W,0.002,88,21,8,18
1.53488907655807E+018,SOL_COMPUTED,NARROW_FLOAT,196975.7933,-4755083.0925,4232283.68,0.1148,0.1734,0.1716,SOL_COMPUTED,NARROW_FLOAT,0.0034,0.0072,-0.0089,0.0416,0.0711,0.1118,79476,A,41.837614115,N,87.6279209783,W,0.008,117.4,21,8,18
1.53488907755445E+018,SOL_COMPUTED,NARROW_FLOAT,196975.7919,-4755083.0663,4232283.6439,0.1164,0.1759,0.1764,SOL_COMPUTED,NARROW_FLOAT,0.0051,0.0216,-0.0167,0.0461,0.0779,0.1131,79477,A,41.83761403,N,87.6279209817,W,0.012,73.2,21,8,18
1.53488907855677E+018,SOL_COMPUTED,NARROW_FLOAT,196975.7919,-4755083.0645,4232283.6253,0.1156,0.1742,0.1728,SOL_COMPUTED,NARROW_FLOAT,-0.001,-0.0098,0.0306,0.0889,0.1501,0.218,79478,A,41.8376139167,N,87.6279209817,W,0.032,355.2,21,8,18
1.53488907955493E+018,SOL_COMPUTED,NARROW_FLOAT,196975.792,-4755083.0531,4232283.6071,0.1153,0.1734,0.1717,SOL_COMPUTED,NARROW_FLOAT,0.0269,-0.0758,0.0954,0.0929,0.1572,0.2284,79479,A,41.8376138617,N,87.6279209733,W,0.06,50.2,21,8,18
1.53488908056148E+018,SOL_COMPUTED,NARROW_FLOAT,196975.7831,-4755083.0378,4232283.5771,0.1153,0.1732,0.1716,SOL_COMPUTED,NARROW_FLOAT,0,-0.0197,-0.0138,0.0946,0.16,0.2325,79480,A,41.837613755,N,87.6279210733,W,0.046,182.1,21,8,18
1.53488908155588E+018,SOL_COMPUTED,NARROW_FLOAT,196975.7771,-4755083.0197,4232283.5514,0.115,0.1727,0.1707,SOL_COMPUTED,NARROW_FLOAT,-0.0152,0.0008,0.0314,0.0922,0.1559,0.2264,79481,A,41.8376136933,N,87.6279211367,W,0.056,328.1,21,8,18
1.53488908255957E+018,SOL_COMPUTED,NARROW_FLOAT,196975.7778,-4755083.0167,4232283.5366,0.114,0.1707,0.1669,SOL_COMPUTED,NARROW_FLOAT,0.0179,-0.0082,-0.0074,0.0727,0.123,0.1785,79482,A,41.8376136117,N,87.6279211267,W,0.041,123.1,21,8,18
1.53488908355926E+018,SOL_COMPUTED,NARROW_FLOAT,196975.7731,-4755082.997,4232283.5083,0.1149,0.1721,0.1704,SOL_COMPUTED,NARROW_FLOAT,0.0048,-0.009,-0.002,0.0973,0.164,0.238,79483,A,41.8376135417,N,87.6279211733,W,0.017,149.8,21,8,18
1.53488908456709E+018,SOL_COMPUTED,NARROW_FLOAT,196975.7657,-4755082.9719,4232283.471,0.1151,0.1722,0.1711,SOL_COMPUTED,NARROW_FLOAT,-0.0007,0.0078,-0.0177,0.0483,0.0815,0.1182,79484,A,41.8376134433,N,87.62792125,W,0.016,183,21,8,18
1.5348890855599E+018,SOL_COMPUTED,NARROW_FLOAT,196975.7668,-4755082.9502,4232283.4359,0.1141,0.1702,0.1673,SOL_COMPUTED,NARROW_FLOAT,-0.0117,0.0187,-0.025,0.0918,0.1548,0.2244,79485,A,41.8376133383,N,87.627921225,W,0.024,241.8,21,8,18
1.53488908656265E+018,SOL_COMPUTED,NARROW_FLOAT,196975.7626,-4755082.9425,4232283.4252,0.1138,0.1694,0.166,SOL_COMPUTED,NARROW_FLOAT,-0.0017,0.0061,0.0142,0.0504,0.0849,0.123,79486,A,41.8376133133,N,87.6279212733,W,0.029,354.2,21,8,18
1.53488908756099E+018,SOL_COMPUTED,NARROW_FLOAT,196975.7512,-4755082.9201,4232283.3876,0.1146,0.1707,0.1691,SOL_COMPUTED,NARROW_FLOAT,-0.0018,-0.0093,0.011,0.0477,0.0804,0.1165,79487,A,41.8376131983,N,87.6279213983,W,0.006,313,21,8,18
1.534889088563E+018,SOL_COMPUTED,NARROW_FLOAT,196975.744,-4755082.9033,4232283.3587,0.1144,0.1702,0.1686,SOL_COMPUTED,NARROW_FLOAT,-0.0202,-0.0251,-0.0048,0.1117,0.1884,0.273,79488,A,41.8376131067,N,87.6279214767,W,0.056,227.2,21,8,18
1.53488908956084E+018,SOL_COMPUTED,NARROW_FLOAT,196975.7407,-4755082.8682,4232283.3099,0.1139,0.169,0.1665,SOL_COMPUTED,NARROW_FLOAT,0.0022,0.0213,-0.0277,0.0628,0.106,0.1537,79489,A,41.8376129917,N,87.6279214983,W,0.014,154.8,21,8,18
1.53488909056234E+018,SOL_COMPUTED,NARROW_FLOAT,196975.7452,-4755082.8637,4232283.2909,0.1138,0.1687,0.1661,SOL_COMPUTED,NARROW_FLOAT,-0.0021,0.0041,-0.0089,0.0439,0.0739,0.1073,79490,A,41.83761289,N,87.6279214433,W,0.008,207.1,21,8,18
1.53488909156483E+018,SOL_COMPUTED,NARROW_FLOAT,196975.7396,-4755082.8608,4232283.2753,0.1116,0.1644,0.1573,SOL_COMPUTED,NARROW_FLOAT,0.0014,-0.001,-0.001,0.0553,0.0928,0.135,79491,A,41.8376128033,N,87.6279215083,W,0.004,135.8,21,8,18
1.53488909256357E+018,SOL_COMPUTED,NARROW_FLOAT,196975.7431,-4755082.8433,4232283.2531,0.1121,0.1652,0.1596,SOL_COMPUTED,NARROW_FLOAT,0.0022,0.0006,-0.0013,0.0368,0.0617,0.0897,79492,A,41.8376127583,N,87.6279214583,W,0.004,105,21,8,18
1.53488909356579E+018,SOL_COMPUTED,NARROW_FLOAT,196975.7371,-4755082.8359,4232283.2484,0.1118,0.1644,0.1582,SOL_COMPUTED,NARROW_FLOAT,0.0022,-0.0073,0.0044,0.0327,0.0549,0.0799,79493,A,41.8376127733,N,87.627921525,W,0.005,130.3,21,8,18
1.53488909456609E+018,SOL_COMPUTED,NARROW_FLOAT,196975.7331,-4755082.8145,4232283.2102,0.1122,0.165,0.1601,SOL_COMPUTED,NARROW_FLOAT,0.0031,-0.001,-0.0076,0.04,0.0671,0.0975,79494,A,41.8376126467,N,87.6279215633,W,0.014,154.4,21,8,18
1.5348890955661E+018,SOL_COMPUTED,NARROW_FLOAT,196975.7322,-4755082.7998,4232283.1889,0.112,0.1645,0.1593,SOL_COMPUTED,NARROW_FLOAT,0.0074,-0.0026,-0.0042,0.0406,0.0681,0.0989,79495,A,41.8376125917,N,87.6279215667,W,0.017,125,21,8,18
1.53488909656571E+018,SOL_COMPUTED,NARROW_FLOAT,196975.7297,-4755082.7898,4232283.1726,0.1113,0.163,0.1565,SOL_COMPUTED,NARROW_FLOAT,0.003,-0.0043,0.013,0.0447,0.0747,0.1084,79496,A,41.8376125433,N,87.6279215917,W,0.014,22.8,21,8,18
1.53488909756698E+018,SOL_COMPUTED,NARROW_FLOAT,196975.7262,-4755082.7787,4232283.1527,0.1112,0.1626,0.1561,SOL_COMPUTED,NARROW_FLOAT,0.0039,-0.0033,-0.0004,0.0356,0.0597,0.0866,79497,A,41.8376124767,N,87.6279216283,W,0.009,124.5,21,8,18
1.53488909857225E+018,SOL_COMPUTED,NARROW_FLOAT,196975.7197,-4755082.7533,4232283.1149,0.1111,0.1624,0.1559,SOL_COMPUTED,NARROW_FLOAT,0.0005,-0.0019,0.0019,0.0376,0.0632,0.0916,79498,A,41.8376123783,N,87.627921695,W,0.001,69.4,21,8,18
1.53488909956698E+018,SOL_COMPUTED,NARROW_FLOAT,196975.7175,-4755082.7454,4232283.1076,0.1106,0.1612,0.1538,SOL_COMPUTED,NARROW_FLOAT,0.0003,0.0058,-0.0084,0.0327,0.0549,0.0795,79499,A,41.8376123767,N,87.6279217167,W,0.005,168.4,21,8,18
1.53488910057028E+018,SOL_COMPUTED,NARROW_FLOAT,196975.7053,-4755082.7172,4232283.0682,0.1108,0.1614,0.1548,SOL_COMPUTED,NARROW_FLOAT,-0.0026,0.0099,-0.0097,0.0397,0.0662,0.096,79500,A,41.837612285,N,87.6279218483,W,0.004,254.8,21,8,18
1.53488910156904E+018,SOL_COMPUTED,NARROW_FLOAT,196975.7145,-4755082.911,4232282.8876,0.1092,0.1586,0.1485,SOL_COMPUTED,NARROW_FLOAT,0.0196,-0.3512,-0.3138,0.0335,0.0573,0.0816,79501,A,41.8376099083,N,87.6279218367,W,0.911,179.4,21,8,18
1.53488910257146E+018,SOL_COMPUTED,NARROW_FLOAT,196975.7793,-4755083.569,4232282.2332,0.1099,0.1588,0.1492,SOL_COMPUTED,NARROW_FLOAT,0.0455,-0.6581,-0.736,0.0694,0.0941,0.1192,79502,A,41.837601555,N,87.6279213833,W,1.921,178.9,21,8,18
1.53488910357173E+018,SOL_COMPUTED,NARROW_FLOAT,196975.7944,-4755084.2514,4232281.4664,0.1089,0.1577,0.1476,SOL_COMPUTED,NARROW_FLOAT,0.0214,-0.6975,-0.7759,0.0198,0.0302,0.0463,79503,A,41.8375923133,N,87.6279215417,W,2.029,180.4,21,8,18
1.53488910457335E+018,SOL_COMPUTED,NARROW_FLOAT,196975.8562,-4755084.9256,4232280.625,0.1085,0.1568,0.1465,SOL_COMPUTED,NARROW_FLOAT,-0.0002,-0.5798,-0.9188,0.0173,0.0271,0.0431,79504,A,41.8375826083,N,87.627921135,W,2.082,181.3,21,8,18
1.53488910557182E+018,SOL_COMPUTED,NARROW_FLOAT,196975.9474,-4755085.6301,4232279.9316,0.1083,0.1561,0.1455,SOL_COMPUTED,NARROW_FLOAT,0.0353,-0.5994,-0.6499,0.032,0.0507,0.0804,79505,A,41.8375737083,N,87.6279203883,W,1.72,179.3,21,8,18
1.53488910657245E+018,SOL_COMPUTED,NARROW_FLOAT,196976.0547,-4755086.269,4232279.142,0.1086,0.1558,0.1452,SOL_COMPUTED,NARROW_FLOAT,0.1364,-0.5366,-0.8586,0.0294,0.0327,0.0486,79506,A,41.83756455,N,87.6279194167,W,1.958,173.5,21,8,18
1.53488910757089E+018,SOL_COMPUTED,NARROW_FLOAT,196976.1489,-4755087.0169,4232278.5154,0.1164,0.1694,0.1705,SOL_COMPUTED,NARROW_FLOAT,0.0309,-0.583,-0.7123,0.0776,0.1139,0.1578,79507,A,41.8375558367,N,87.627918655,W,1.789,179.6,21,8,18
1.53488910857312E+018,SOL_COMPUTED,NARROW_FLOAT,196976.2592,-4755087.7614,4232277.894,0.1082,0.1568,0.1458,SOL_COMPUTED,NARROW_FLOAT,0.0391,-0.6622,-0.7102,0.0259,0.0564,0.0644,79508,A,41.8375471733,N,87.6279177,W,1.889,179.3,21,8,18
1.53488910957188E+018,SOL_COMPUTED,NARROW_FLOAT,196976.3969,-4755088.3981,4232277.2309,0.1088,0.1577,0.1463,SOL_COMPUTED,NARROW_FLOAT,0.2006,-0.4714,-0.744,0.0292,0.0572,0.0665,79509,A,41.8375388717,N,87.62791636,W,1.735,168.3,21,8,18
1.53488911057222E+018,SOL_COMPUTED,NARROW_FLOAT,196976.4361,-4755089.0766,4232276.5831,0.1089,0.1575,0.1458,SOL_COMPUTED,NARROW_FLOAT,0.0328,-0.7545,-0.6384,0.0342,0.0575,0.0688,79510,A,41.8375304467,N,87.6279162267,W,1.904,179.9,21,8,18
1.53488911157288E+018,SOL_COMPUTED,NARROW_FLOAT,196976.5263,-4755089.5483,4232275.7972,0.1084,0.1596,0.1501,SOL_COMPUTED,NARROW_FLOAT,0.1082,-0.6168,-0.6725,0.0369,0.0978,0.1236,79511,A,41.8375223217,N,87.6279153767,W,1.786,174.8,21,8,18
1.53488911356865E+018,SOL_COMPUTED,PSRDIFF,196977.6378,-4755089.5167,4232273.2834,0.8728,1.8756,2.3264,SOL_COMPUTED,PSRDIFF,-0.0398,-0.8964,-0.257,0.1043,0.2242,0.2781,79513,A,41.8375053733,N,87.6279019917,W,1.539,185.6,21,8,18
1.53488911457225E+018,SOL_COMPUTED,PSRDIFF,196977.4739,-4755089.7907,4232272.3681,0.8014,1.7267,2.1862,SOL_COMPUTED,PSRDIFF,-0.0201,-0.7679,-0.3776,0.0958,0.2064,0.2613,79514,A,41.83749763,N,87.6279041,W,1.544,183.7,21,8,18
1.53488911557081E+018,SOL_COMPUTED,PSRDIFF,196977.5697,-4755090.5206,4232271.788,0.8153,1.7464,2.2025,SOL_COMPUTED,PSRDIFF,0.0782,-0.5298,-0.7947,0.0974,0.2087,0.2633,79515,A,41.837489335,N,87.6279033117,W,1.845,176.6,21,8,18
1.53488911657217E+018,SOL_COMPUTED,PSRDIFF,196977.4383,-4755090.7782,4232270.6317,0.9784,2.0529,2.4771,SOL_COMPUTED,PSRDIFF,0.0253,-0.693,-0.4806,0.1169,0.2454,0.2961,79516,A,41.8374800667,N,87.62790502,W,1.595,180.2,21,8,18
1.53488911758363E+018,SOL_COMPUTED,PSRDIFF,196977.7965,-4755089.9416,4232268.5181,1.1296,3.5632,3.6509,SOL_COMPUTED,PSRDIFF,0.1692,-0.7376,-0.5945,0.135,0.4259,0.4364,79517,A,41.83747082,N,87.627900295,W,1.845,171.6,21,8,18
1.53488911858046E+018,SOL_COMPUTED,NARROW_FLOAT,196976.7304,-4755091.5474,4232267.8226,0.3326,2.5918,3.5328,SOL_COMPUTED,NARROW_FLOAT,-0.038,-0.5867,-0.8103,0.0291,0.0619,0.0728,79518,A,41.837456785,N,87.6279139183,W,1.935,183.6,21,8,18
1.53488911957551E+018,SOL_COMPUTED,NARROW_FLOAT,196976.7908,-4755092.1486,4232267.0084,0.3256,2.42,3.2825,SOL_COMPUTED,NARROW_FLOAT,0.0089,-0.5828,-0.7767,0.0253,0.0675,0.0838,79519,A,41.8374477017,N,87.6279134917,W,1.881,180.9,21,8,18
1.53488912057815E+018,SOL_COMPUTED,NARROW_FLOAT,196976.8524,-4755092.7925,4232266.2786,0.3207,2.3037,3.1127,SOL_COMPUTED,NARROW_FLOAT,0.0049,-1.218,-0.173,0.0546,0.1475,0.1828,79520,A,41.8374389283,N,87.6279130717,W,1.831,182.8,21,8,18
1.53488912157587E+018,SOL_COMPUTED,PSRDIFF,196977.2061,-4755096.8004,4232269.496,0.976,2.0325,2.4572,SOL_COMPUTED,PSRDIFF,0.0738,-0.3915,-0.9624,0.1167,0.2429,0.2937,79521,A,41.8374363733,N,87.627910815,W,1.908,176.6,21,8,18
1.53488912257504E+018,SOL_COMPUTED,PSRDIFF,196977.5522,-4755096.0872,4232267.6007,0.9755,2.0297,2.4558,SOL_COMPUTED,PSRDIFF,0.171,-0.7725,-0.3468,0.1166,0.2426,0.2935,79522,A,41.8374278533,N,87.627906295,W,1.536,169.9,21,8,18
1.53488912357858E+018,SOL_COMPUTED,NARROW_FLOAT,196977.012,-4755094.5155,4232263.9206,0.3082,2.0042,2.6718,SOL_COMPUTED,NARROW_FLOAT,0.0677,-0.8317,-0.5228,0.0234,0.057,0.0679,79523,A,41.8374127317,N,87.62791201,W,1.839,178,21,8,18
1.53488912458102E+018,SOL_COMPUTED,NARROW_FLOAT,196977.1045,-4755095.2306,4232263.0444,0.3054,1.9292,2.561,SOL_COMPUTED,NARROW_FLOAT,0.0804,-0.8459,-0.7696,0.0383,0.0704,0.0936,79524,A,41.8374025417,N,87.627911255,W,2.216,177.7,21,8,18
1.53488912558268E+018,SOL_COMPUTED,NARROW_FLOAT,196977.134,-4755095.7818,4232262.17,0.2021,1.2436,1.6447,SOL_COMPUTED,NARROW_FLOAT,0.0019,-0.5492,-0.8044,0.0475,0.1071,0.1367,79525,A,41.8373933617,N,87.6279111733,W,1.877,181.2,21,8,18
1.5348891265833E+018,SOL_COMPUTED,NARROW_FLOAT,196977.2154,-4755097.0888,4232262.1012,0.2003,1.1714,1.5459,SOL_COMPUTED,NARROW_FLOAT,0.0306,-0.6188,-0.8226,0.0457,0.0464,0.0702,79526,A,41.8373850383,N,87.627910845,W,1.995,179.7,21,8,18
1.53488912758208E+018,SOL_COMPUTED,NARROW_FLOAT,196977.2513,-4755097.9381,4232261.5381,0.1985,1.1138,1.4668,SOL_COMPUTED,NARROW_FLOAT,-0.1107,-0.5802,-0.4748,0.0578,0.0763,0.1149,79527,A,41.8373761567,N,87.6279108367,W,1.457,190.3,21,8,18
1.534889128582E+018,SOL_COMPUTED,NARROW_FLOAT,196977.2941,-4755098.617,4232260.8578,0.1968,1.0636,1.3974,SOL_COMPUTED,NARROW_FLOAT,0.0614,-0.6635,-0.7437,0.0218,0.0304,0.0455,79528,A,41.8373675083,N,87.62791066,W,1.941,178.1,21,8,18
1.5348891295855E+018,SOL_COMPUTED,NARROW_FLOAT,196977.3072,-4755099.2981,4232260.1484,0.1955,1.0204,1.3378,SOL_COMPUTED,NARROW_FLOAT,-0.0776,-0.4365,-1.0133,0.0461,0.0661,0.098,79529,A,41.83735866,N,87.6279108417,W,2.037,185.2,21,8,18
1.53488913058496E+018,SOL_COMPUTED,NARROW_FLOAT,196977.2757,-4755100.0127,4232259.438,0.1941,0.9817,1.2841,SOL_COMPUTED,NARROW_FLOAT,-0.1153,-0.675,-0.734,0.02,0.0295,0.0432,79530,A,41.8373496167,N,87.6279115783,W,1.951,188.2,21,8,18
1.53488913158471E+018,SOL_COMPUTED,NARROW_FLOAT,196977.2391,-4755100.7225,4232258.6001,0.1929,0.9472,1.2361,SOL_COMPUTED,NARROW_FLOAT,-0.0419,-0.7259,-0.8262,0.0203,0.0296,0.043,79531,A,41.837339745,N,87.6279123717,W,2.139,183.7,21,8,18
1.53488913258694E+018,SOL_COMPUTED,NARROW_FLOAT,196977.1292,-4755101.4423,4232257.8126,0.1919,0.9167,1.1941,SOL_COMPUTED,NARROW_FLOAT,-0.1336,-0.6506,-0.7681,0.0201,0.0295,0.0428,79532,A,41.8373301717,N,87.6279140517,W,1.973,189.1,21,8,18
1.53488913358465E+018,SOL_COMPUTED,NARROW_FLOAT,196977.0475,-4755102.1923,4232257.0653,0.1904,0.8862,1.152,SOL_COMPUTED,NARROW_FLOAT,-0.0907,-0.693,-0.7453,0.0174,0.0268,0.0413,79533,A,41.83732068,N,87.6279154083,W,1.986,186.7,21,8,18
1.53488913458806E+018,SOL_COMPUTED,NARROW_FLOAT,196976.9752,-4755102.9388,4232256.2861,0.1878,0.8481,1.1007,SOL_COMPUTED,NARROW_FLOAT,-0.0895,-0.8076,-0.7383,0.0153,0.0246,0.0401,79534,A,41.8373109917,N,87.62791665,W,2.124,186.5,21,8,18
1.53488913558537E+018,SOL_COMPUTED,NARROW_FLOAT,196976.9296,-4755103.6483,4232255.3379,0.1856,0.815,1.0561,SOL_COMPUTED,NARROW_FLOAT,0.0041,-0.7855,-0.9366,0.0174,0.0277,0.0451,79535,A,41.837300385,N,87.6279175533,W,2.375,181.3,21,8,18
1.53488913658709E+018,SOL_COMPUTED,NARROW_FLOAT,196976.8805,-4755104.3976,4232254.4051,0.1837,0.7859,1.0174,SOL_COMPUTED,NARROW_FLOAT,0.0455,-0.9656,-0.9283,0.0523,0.0549,0.1271,79536,A,41.837289645,N,87.6279185167,W,2.598,179.8,21,8,18
1.53488913758986E+018,SOL_COMPUTED,NARROW_FLOAT,196976.8439,-4755105.1351,4232253.5758,0.1837,0.7618,0.9867,SOL_COMPUTED,NARROW_FLOAT,-0.1255,-0.6501,-0.7414,0.0571,0.0431,0.0914,79537,A,41.8372796667,N,87.627919325,W,1.932,188.8,21,8,18
1.53488913858914E+018,SOL_COMPUTED,NARROW_FLOAT,196976.9551,-4755105.9631,4232252.799,0.1951,0.7407,0.9598,SOL_COMPUTED,NARROW_FLOAT,0.8495,-1.2545,-1.3874,0.3309,0.177,0.2842,79538,A,41.83726946,N,87.6279183983,W,3.993,157.2,21,8,18
1.53488913958756E+018,SOL_COMPUTED,NARROW_FLOAT,196977.0257,-4755106.6986,4232252.0504,0.1994,0.7261,0.9417,SOL_COMPUTED,NARROW_FLOAT,0.2322,-0.7506,-0.9626,0.1474,0.0789,0.1267,79539,A,41.8372600083,N,87.6279179167,W,2.411,170.7,21,8,18
1.53488914058986E+018,SOL_COMPUTED,NARROW_FLOAT,196976.9692,-4755107.3933,4232251.394,0.1928,0.7102,0.9228,SOL_COMPUTED,NARROW_FLOAT,-0.1289,-0.7926,-0.7982,0.0752,0.1053,0.1534,79540,A,41.8372514517,N,87.6279189417,W,2.198,188.2,21,8,18
1.53488914159072E+018,SOL_COMPUTED,NARROW_FLOAT,196976.975,-4755108.2063,4232250.5598,0.1846,0.6963,0.902,SOL_COMPUTED,NARROW_FLOAT,-0.0128,-0.8567,-0.8626,0.0262,0.0405,0.0585,79541,A,41.8372409767,N,87.6279192767,W,2.36,182.3,21,8,18
1.53488914259292E+018,SOL_COMPUTED,NARROW_FLOAT,196976.9445,-4755108.9779,4232249.736,0.1823,0.6833,0.8841,SOL_COMPUTED,NARROW_FLOAT,-0.0243,-0.846,-0.7157,0.0222,0.036,0.0517,79542,A,41.8372308283,N,87.6279200283,W,2.134,183.1,21,8,18
1.5348891435903E+018,SOL_COMPUTED,NARROW_FLOAT,196976.8579,-4755109.7637,4232248.8628,0.1808,0.6713,0.8675,SOL_COMPUTED,NARROW_FLOAT,-0.0845,-0.7699,-0.8672,0.0188,0.035,0.0461,79543,A,41.8372202783,N,87.6279214617,W,2.26,185.7,21,8,18
1.53488914459188E+018,SOL_COMPUTED,NARROW_FLOAT,196976.7758,-4755110.5538,4232248.0094,0.1795,0.6597,0.8516,SOL_COMPUTED,NARROW_FLOAT,-0.0641,-0.7707,-0.8571,0.0189,0.0366,0.0469,79544,A,41.8372098333,N,87.6279228433,W,2.244,184.8,21,8,18
1.53488914559032E+018,SOL_COMPUTED,NARROW_FLOAT,196976.6812,-4755111.2799,4232247.1027,0.1782,0.6488,0.8364,SOL_COMPUTED,NARROW_FLOAT,0.1013,-0.3742,-1.0817,0.0439,0.0776,0.1057,79545,A,41.8371994167,N,87.6279243433,W,2.064,175.4,21,8,18
1.53488914659408E+018,SOL_COMPUTED,NARROW_FLOAT,196976.6186,-4755112.084,4232246.3544,0.1772,0.6387,0.8221,SOL_COMPUTED,NARROW_FLOAT,-0.0692,-0.9123,-0.603,0.0451,0.0915,0.1131,79546,A,41.83718959,N,87.6279254967,W,2.062,185.8,21,8,18
1.53488914759335E+018,SOL_COMPUTED,NARROW_FLOAT,196976.6442,-4755112.7469,4232245.5531,0.1769,0.6333,0.8132,SOL_COMPUTED,NARROW_FLOAT,-0.0029,-0.4284,-1.025,0.0495,0.1142,0.1292,79547,A,41.83718023,N,87.6279255183,W,2.04,181.1,21,8,18
1.53488914859384E+018,SOL_COMPUTED,NARROW_FLOAT,196976.7567,-4755113.4498,4232244.7044,0.1763,0.6284,0.8046,SOL_COMPUTED,NARROW_FLOAT,0.1832,-0.7365,-0.815,0.0349,0.0807,0.0907,79548,A,41.8371702917,N,87.6279245167,W,2.165,172.1,21,8,18
1.53488914959122E+018,SOL_COMPUTED,NARROW_FLOAT,196976.7801,-4755114.2194,4232243.8549,0.1757,0.6239,0.7965,SOL_COMPUTED,NARROW_FLOAT,0.0542,-0.8507,-0.7464,0.0351,0.0812,0.0911,79549,A,41.8371599717,N,87.6279246183,W,2.186,179,21,8,18
1.53488915059279E+018,SOL_COMPUTED,NARROW_FLOAT,196976.984,-4755114.6208,4232242.6473,0.1757,0.6205,0.7891,SOL_COMPUTED,NARROW_FLOAT,0.3721,-0.0431,-1.4216,0.0313,0.0689,0.0644,79550,A,41.8371494117,N,87.627922365,W,2.253,161.4,21,8,18
1.53488915159481E+018,SOL_COMPUTED,NARROW_FLOAT,196976.9387,-4755115.454,4232241.7809,0.1751,0.6164,0.7818,SOL_COMPUTED,NARROW_FLOAT,-0.1002,-0.9109,-0.8023,0.035,0.0761,0.0674,79551,A,41.8371386117,N,87.627923325,W,2.352,186.5,21,8,18
1.53488915259602E+018,SOL_COMPUTED,NARROW_FLOAT,196976.9368,-4755116.0775,4232240.8302,0.1743,0.6123,0.7746,SOL_COMPUTED,NARROW_FLOAT,-0.0381,-0.6462,-0.9294,0.0291,0.0641,0.062,79552,A,41.837128495,N,87.6279236583,W,2.185,183.3,21,8,18
1.53488915359478E+018,SOL_COMPUTED,NARROW_FLOAT,196976.8887,-4755116.8648,4232239.9363,0.1735,0.6082,0.7674,SOL_COMPUTED,NARROW_FLOAT,-0.0451,-0.7612,-0.934,0.0259,0.0579,0.0597,79553,A,41.8371177867,N,87.62792463,W,2.341,183.6,21,8,18
1.53488915459668E+018,SOL_COMPUTED,NARROW_FLOAT,196976.8323,-4755117.639,4232238.998,0.1729,0.6042,0.7604,SOL_COMPUTED,NARROW_FLOAT,-0.0845,-0.8554,-0.8964,0.055,0.1247,0.1327,79554,A,41.8371068617,N,87.6279256933,W,2.413,185.5,21,8,18
1.53488915559636E+018,SOL_COMPUTED,NARROW_FLOAT,196976.7844,-4755118.471,4232238.1504,0.1723,0.6005,0.7537,SOL_COMPUTED,NARROW_FLOAT,-0.0789,-0.7405,-0.9084,0.0546,0.1251,0.1344,79555,A,41.8370961967,N,87.627926685,W,2.281,185.4,21,8,18
1.53488915659712E+018,SOL_COMPUTED,NARROW_FLOAT,196976.8134,-4755119.2094,4232237.2602,0.1717,0.5968,0.7472,SOL_COMPUTED,NARROW_FLOAT,-0.0004,-0.7814,-0.8429,0.0243,0.055,0.0588,79556,A,41.8370857867,N,87.6279267033,W,2.234,181.6,21,8,18
1.53488915759725E+018,SOL_COMPUTED,NARROW_FLOAT,196976.8938,-4755120.0459,4232236.3622,0.1712,0.5926,0.7402,SOL_COMPUTED,NARROW_FLOAT,0.1078,-0.9856,-0.8479,0.0383,0.0866,0.0933,79557,A,41.8370747233,N,87.6279261533,W,2.514,177,21,8,18
1.53488915859835E+018,SOL_COMPUTED,NARROW_FLOAT,196976.9858,-4755120.879,4232235.3839,0.1706,0.5892,0.734,SOL_COMPUTED,NARROW_FLOAT,0.1203,-0.7914,-1.0227,0.027,0.061,0.0659,79558,A,41.83706314,N,87.6279254617,W,2.519,176.1,21,8,18
1.53488915959731E+018,SOL_COMPUTED,NARROW_FLOAT,196977.1192,-4755121.7344,4232234.3584,0.1708,0.5869,0.7283,SOL_COMPUTED,NARROW_FLOAT,0.1484,-0.8329,-1.0268,0.0394,0.0847,0.0712,79559,A,41.837051095,N,87.6279242833,W,2.584,175.1,21,8,18
1.53488916059835E+018,SOL_COMPUTED,NARROW_FLOAT,196977.2282,-4755122.6197,4232233.3382,0.1699,0.5831,0.7224,SOL_COMPUTED,NARROW_FLOAT,0.0012,-0.7949,-0.9923,0.0521,0.1133,0.1036,79560,A,41.8370389133,N,87.6279234133,W,2.468,181.4,21,8,18
1.53488916159832E+018,SOL_COMPUTED,NARROW_FLOAT,196977.3355,-4755123.4351,4232232.4295,0.1691,0.5796,0.7166,SOL_COMPUTED,NARROW_FLOAT,0.1571,-0.5015,-1.0932,0.0616,0.1362,0.1368,79561,A,41.8370279,N,87.6279225283,W,2.257,173.3,21,8,18
1.53488916260129E+018,SOL_COMPUTED,NARROW_FLOAT,196977.4087,-4755124.1283,4232231.493,0.1685,0.5764,0.711,SOL_COMPUTED,NARROW_FLOAT,0.0679,-0.312,-1.096,0.0568,0.1262,0.132,79562,A,41.83701744,N,87.6279219933,W,1.998,176.9,21,8,18
1.53488916359934E+018,SOL_COMPUTED,NARROW_FLOAT,196977.4395,-4755124.9742,4232230.7505,0.168,0.5734,0.7056,SOL_COMPUTED,NARROW_FLOAT,0.0154,-0.8134,-0.747,0.0314,0.0703,0.0748,79563,A,41.8370073767,N,87.627922045,W,2.137,181,21,8,18
1.53488916460167E+018,SOL_COMPUTED,NARROW_FLOAT,196977.4231,-4755125.7587,4232229.9706,0.1674,0.5704,0.7003,SOL_COMPUTED,NARROW_FLOAT,0.1004,-0.5653,-1.1226,0.0534,0.12,0.1284,79564,A,41.8369974433,N,87.6279226333,W,2.368,176.4,21,8,18
1.53488916560007E+018,SOL_COMPUTED,NARROW_FLOAT,196977.4026,-4755126.4914,4232229.2059,0.1669,0.5675,0.6951,SOL_COMPUTED,NARROW_FLOAT,0.0587,-0.5747,-0.8812,0.0241,0.054,0.0573,79565,A,41.8369879217,N,87.627923245,W,2.025,178.1,21,8,18
1.53488916660386E+018,SOL_COMPUTED,NARROW_FLOAT,196977.3561,-4755127.2138,4232228.4343,0.1665,0.5647,0.69,SOL_COMPUTED,NARROW_FLOAT,-0.1681,-1.2153,-0.2475,0.0537,0.1208,0.1293,79566,A,41.8369784233,N,87.6279241633,W,1.97,192.4,21,8,18
1.53488916760312E+018,SOL_COMPUTED,NARROW_FLOAT,196977.3231,-4755127.7989,4232227.7033,0.1663,0.5623,0.6852,SOL_COMPUTED,NARROW_FLOAT,-0.0254,-0.53,-0.7287,0.0352,0.0761,0.0667,79567,A,41.8369700167,N,87.6279248517,W,1.743,183,21,8,18
1.53488916860443E+018,SOL_COMPUTED,NARROW_FLOAT,196977.2607,-4755128.5449,4232227.0564,0.1656,0.5593,0.6803,SOL_COMPUTED,NARROW_FLOAT,0.0332,-1.3353,-0.0441,0.0635,0.1399,0.1357,79568,A,41.8369612183,N,87.627925975,W,1.796,181.4,21,8,18
1.53488916960364E+018,SOL_COMPUTED,NARROW_FLOAT,196977.1751,-4755129.1969,4232226.3599,0.1694,0.5579,0.6778,SOL_COMPUTED,NARROW_FLOAT,-0.1045,-0.6738,-0.6591,0.0639,0.1264,0.1466,79569,A,41.836952655,N,87.62792733,W,1.84,188,21,8,18
1.53488917060561E+018,SOL_COMPUTED,NARROW_FLOAT,196977.0466,-4755129.8158,4232225.5825,0.1644,0.5497,0.6669,SOL_COMPUTED,NARROW_FLOAT,-0.1691,-0.6721,-0.8047,0.039,0.0871,0.0913,79570,A,41.83694376,N,87.6279291833,W,2.063,190.7,21,8,18
1.5348891716042E+018,SOL_COMPUTED,NARROW_FLOAT,196976.8002,-4755130.529,4232224.8763,0.1639,0.5473,0.6624,SOL_COMPUTED,NARROW_FLOAT,-0.3966,-0.5784,-0.7361,0.0532,0.1192,0.1274,79571,A,41.8369348033,N,87.6279325017,W,1.971,204.5,21,8,18
1.53488917260667E+018,SOL_COMPUTED,NARROW_FLOAT,196976.5664,-4755131.2342,4232224.1318,0.1634,0.5448,0.6581,SOL_COMPUTED,NARROW_FLOAT,-0.2098,-0.6836,-0.7502,0.0239,0.0535,0.0569,79572,A,41.8369256367,N,87.6279356667,W,2.015,193.3,21,8,18
1.53488917360396E+018,SOL_COMPUTED,NARROW_FLOAT,196976.6073,-4755131.9533,4232223.4543,0.163,0.5424,0.6538,SOL_COMPUTED,NARROW_FLOAT,0.2056,-0.708,-0.6766,0.0387,0.0863,0.0913,79573,A,41.8369167683,N,87.6279355333,W,1.938,169.8,21,8,18
1.53488917460562E+018,SOL_COMPUTED,NARROW_FLOAT,196977.005,-4755132.5887,4232222.9713,0.1783,0.5587,0.6713,SOL_COMPUTED,NARROW_FLOAT,0.6881,-0.1485,-0.3942,0.2647,0.5268,0.6198,79574,A,41.8369096167,N,87.627931065,W,1.547,121.1,21,8,18
1.53488917560603E+018,SOL_COMPUTED,NARROW_FLOAT,196977.8003,-4755132.8433,4232222.5898,0.1623,0.5367,0.6447,SOL_COMPUTED,NARROW_FLOAT,0.8883,-0.1705,-0.2792,0.0488,0.092,0.1111,79575,A,41.8369053317,N,87.6279216267,W,1.839,111.5,21,8,18
1.53488917660467E+018,SOL_COMPUTED,NARROW_FLOAT,196978.8028,-4755132.7252,4232222.5159,0.1622,0.5348,0.6405,SOL_COMPUTED,NARROW_FLOAT,0.8785,0.1537,0.3224,0.0863,0.1845,0.1545,79576,A,41.8369052967,N,87.6279095083,W,1.827,70.2,21,8,18
1.534889177604E+018,SOL_COMPUTED,NARROW_FLOAT,196979.6598,-4755132.3735,4232222.8408,0.1618,0.5328,0.6367,SOL_COMPUTED,NARROW_FLOAT,0.8681,0.5632,0.314,0.038,0.0814,0.0689,79577,A,41.8369093733,N,87.627899025,W,2.072,56.7,21,8,18
1.53488917860563E+018,SOL_COMPUTED,NARROW_FLOAT,196980.171,-4755131.8091,4232223.5294,0.161,0.5301,0.6326,SOL_COMPUTED,NARROW_FLOAT,0.3092,0.2642,1.299,0.0667,0.1456,0.1386,79578,A,41.8369172517,N,87.627892595,W,2.293,15.7,21,8,18
1.53488917960423E+018,SOL_COMPUTED,NARROW_FLOAT,196980.2522,-4755131.1426,4232224.219,0.1604,0.5277,0.6287,SOL_COMPUTED,NARROW_FLOAT,0.0445,0.7312,0.729,0.0264,0.0593,0.061,79579,A,41.836925855,N,87.6278912867,W,2.006,4.2,21,8,18
1.5348891806066E+018,SOL_COMPUTED,NARROW_FLOAT,196980.1129,-4755130.565,4232225.0452,0.1599,0.5255,0.6249,SOL_COMPUTED,NARROW_FLOAT,-0.0967,0.6638,0.7449,0.0246,0.0558,0.0599,79580,A,41.8369348983,N,87.6278926733,W,1.949,356,21,8,18
1.53488918160699E+018,SOL_COMPUTED,NARROW_FLOAT,196979.9789,-4755129.8297,4232225.8891,0.1621,0.5256,0.6244,SOL_COMPUTED,NARROW_FLOAT,-0.1238,0.7379,0.8424,0.0467,0.0905,0.1101,79581,A,41.8369450033,N,87.6278939183,W,2.19,355.3,21,8,18
1.53488918260941E+018,SOL_COMPUTED,NARROW_FLOAT,196979.8838,-4755129.1082,4232226.7153,0.1593,0.5202,0.6171,SOL_COMPUTED,NARROW_FLOAT,-0.1126,0.6643,0.8752,0.0262,0.0491,0.0617,79582,A,41.8369548983,N,87.6278947033,W,2.141,355.6,21,8,18
1.53488918360899E+018,SOL_COMPUTED,NARROW_FLOAT,196979.7253,-4755128.4684,4232227.6819,0.1876,0.5483,0.654,SOL_COMPUTED,NARROW_FLOAT,-0.0689,0.819,0.8671,0.1738,0.3298,0.4085,79583,A,41.83696526,N,87.6278962917,W,2.322,358.3,21,8,18
1.53488918460666E+018,SOL_COMPUTED,NARROW_FLOAT,196979.6184,-4755127.5364,4232228.3827,0.1588,0.5156,0.6105,SOL_COMPUTED,NARROW_FLOAT,-0.0035,1.1688,0.5768,0.0713,0.1281,0.152,79584,A,41.83697558,N,87.6278971117,W,2.351,2.1,21,8,18
1.53488918660272E+018,SOL_COMPUTED,PSRDIFF,196980.0641,-4755129.5893,4232231.6519,0.8457,1.8097,2.2105,SOL_COMPUTED,PSRDIFF,-0.1119,0.7638,1.1682,0.1011,0.2163,0.2642,79586,A,41.83698508,N,87.627892775,W,2.692,356.7,21,8,18
1.53488918760636E+018,SOL_COMPUTED,PSRDIFF,196979.5468,-4755127.2704,4232230.9658,0.9883,2.0695,2.4466,SOL_COMPUTED,PSRDIFF,-0.0502,0.9166,0.6104,0.1181,0.2474,0.2924,79587,A,41.83699452,N,87.62789784,W,2.074,359.3,21,8,18
1.53488918860936E+018,SOL_COMPUTED,PSRDIFF,196979.8418,-4755127.0469,4232232.2997,0.8715,1.847,2.2475,SOL_COMPUTED,PSRDIFF,-0.3559,0.4712,0.9894,0.1042,0.2208,0.2686,79588,A,41.837004735,N,87.6278941817,W,2.163,342.4,21,8,18
1.53488918960814E+018,SOL_COMPUTED,PSRDIFF,196979.5035,-4755125.538,4232232.5645,1.1278,3.3876,3.4523,SOL_COMPUTED,PSRDIFF,-0.1285,0.6883,0.9015,0.1348,0.4049,0.4126,79589,A,41.8370156483,N,87.6278974983,W,2.213,355,21,8,18
1.53488919061164E+018,SOL_COMPUTED,NARROW_FLOAT,196979.291,-4755123.1188,4232233.9783,0.6695,1.4146,0.9944,SOL_COMPUTED,NARROW_FLOAT,-0.0107,0.6455,1.0556,0.0238,0.0541,0.0594,79590,A,41.8370397,N,87.62789885,W,2.366,0.8,21,8,18
1.5348891916099E+018,SOL_COMPUTED,NARROW_FLOAT,196979.3628,-4755122.2848,4232234.7985,0.6337,1.3504,0.9616,SOL_COMPUTED,NARROW_FLOAT,-0.0091,1.2772,0.3666,0.0531,0.1194,0.1316,79591,A,41.8370501883,N,87.62789757,W,2.188,2.2,21,8,18
1.53488919261053E+018,SOL_COMPUTED,NARROW_FLOAT,196979.3769,-4755121.6062,4232235.7198,0.5965,1.2794,0.9282,SOL_COMPUTED,NARROW_FLOAT,0.0301,0.7421,0.8627,0.0699,0.1421,0.1649,79592,A,41.8370604367,N,87.6278970617,W,2.212,3.1,21,8,18
1.53488919361115E+018,SOL_COMPUTED,NARROW_FLOAT,196979.2694,-4755121.1783,4232236.7259,0.5481,1.1831,0.8716,SOL_COMPUTED,NARROW_FLOAT,0.0224,0.6474,0.9006,0.024,0.0536,0.0578,79593,A,41.8370697783,N,87.6278981417,W,2.144,2.6,21,8,18
1.53488919461266E+018,SOL_COMPUTED,NARROW_FLOAT,196979.2739,-4755120.4726,4232237.588,0.5282,1.1489,0.8546,SOL_COMPUTED,NARROW_FLOAT,0.0407,0.8092,0.7676,0.0241,0.0539,0.0581,79594,A,41.837079795,N,87.6278977367,W,2.163,3.8,21,8,18
1.53488919561397E+018,SOL_COMPUTED,NARROW_FLOAT,196979.2422,-4755119.7493,4232238.4003,0.5114,1.12,0.84,SOL_COMPUTED,NARROW_FLOAT,-0.1867,0.1297,1.4682,0.0526,0.1188,0.1297,79595,A,41.8370895917,N,87.6278977583,W,2.331,351.3,21,8,18
1.53488919661453E+018,SOL_COMPUTED,NARROW_FLOAT,196979.1205,-4755119.005,4232239.2347,0.4952,1.0923,0.826,SOL_COMPUTED,NARROW_FLOAT,-0.08,0.9356,0.5132,0.0539,0.1222,0.1329,79596,A,41.8370996833,N,87.62789885,W,1.961,357.7,21,8,18
1.53488919761475E+018,SOL_COMPUTED,NARROW_FLOAT,196978.999,-4755118.2436,4232240.0998,0.4813,1.0686,0.8139,SOL_COMPUTED,NARROW_FLOAT,-0.1381,0.6579,0.9429,0.0235,0.0531,0.0581,79597,A,41.837110085,N,87.6278999333,W,2.236,354.5,21,8,18
1.53488919861554E+018,SOL_COMPUTED,NARROW_FLOAT,196978.816,-4755117.5459,4232241.0055,0.4678,1.0455,0.8021,SOL_COMPUTED,NARROW_FLOAT,-0.1287,0.7345,0.9023,0.0235,0.0531,0.0585,79598,A,41.8371203917,N,87.6279017867,W,2.273,355.2,21,8,18
1.53488919961612E+018,SOL_COMPUTED,NARROW_FLOAT,196978.6824,-4755116.8065,4232241.8405,0.4554,1.0244,0.7913,SOL_COMPUTED,NARROW_FLOAT,-0.1468,0.6329,0.911,0.0231,0.052,0.0573,79599,A,41.8371304633,N,87.627903025,W,2.16,353.8,21,8,18
1.53488920161086E+018,SOL_COMPUTED,PSRDIFF,196978.1775,-4755120.6217,4232246.2958,0.9514,2.1665,2.4781,SOL_COMPUTED,PSRDIFF,-0.2705,-0.3335,1.5738,0.1137,0.2589,0.2962,79601,A,41.8371375817,N,87.627911,W,1.942,343.5,21,8,18
1.5348892026062E+018,SOL_COMPUTED,PSRDIFF,196978.0885,-4755118.6566,4232245.9939,0.9807,1.9934,2.3828,SOL_COMPUTED,PSRDIFF,0.0044,0.614,0.8483,0.1172,0.2383,0.2848,79602,A,41.83714737,N,87.62791109,W,2.025,1.6,21,8,18
1.53488920360901E+018,SOL_COMPUTED,PSRDIFF,196977.8994,-4755118.4421,4232247.437,0.9869,2.0713,2.4379,SOL_COMPUTED,PSRDIFF,-0.1072,0.9187,0.6568,0.118,0.2476,0.2914,79603,A,41.8371583833,N,87.6279132583,W,2.151,356.4,21,8,18
1.5348892046122E+018,SOL_COMPUTED,PSRDIFF,196978.3394,-4755115.1102,4232245.9395,1.1265,3.3545,3.4157,SOL_COMPUTED,PSRDIFF,-0.0335,0.8383,0.8893,0.1346,0.4009,0.4083,79604,A,41.8371682217,N,87.627906305,W,2.376,0.1,21,8,18
1.5348892056161E+018,SOL_COMPUTED,PSRDIFF,196978.262,-4755114.8578,4232247.2579,1.1251,3.3337,3.3963,SOL_COMPUTED,PSRDIFF,-0.3272,-0.0788,1.5515,0.1345,0.3985,0.4059,79605,A,41.8371785983,N,87.6279071117,W,2.256,343.5,21,8,18
1.53488920661926E+018,SOL_COMPUTED,NARROW_FLOAT,196977.9642,-4755112.3553,4232248.3612,1.5662,3.3183,2.1723,SOL_COMPUTED,NARROW_FLOAT,-0.0156,0.9669,0.6773,0.0271,0.06,0.0639,79606,A,41.8372010883,N,87.6279094467,W,2.235,1.2,21,8,18
1.53488920762073E+018,SOL_COMPUTED,NARROW_FLOAT,196977.9035,-4755111.5628,4232249.222,1.3792,2.9448,1.9568,SOL_COMPUTED,NARROW_FLOAT,-0.0589,0.8216,0.8783,0.0238,0.0527,0.0566,79607,A,41.8372116317,N,87.6279097817,W,2.34,358.8,21,8,18
1.5348892086175E+018,SOL_COMPUTED,NARROW_FLOAT,196977.8707,-4755110.7303,4232250.1395,1.2467,2.6819,1.8069,SOL_COMPUTED,NARROW_FLOAT,0.0162,1.1702,0.6193,0.0522,0.1155,0.1258,79608,A,41.83722279,N,87.62790976,W,2.415,3,21,8,18
1.53488920961381E+018,SOL_COMPUTED,PSRDIFF,196978.2304,-4755110.2516,4232249.6068,0.9766,1.9445,2.3459,SOL_COMPUTED,PSRDIFF,0.0693,0.5567,0.9358,0.1167,0.2324,0.2804,79609,A,41.8372219983,N,87.6279051967,W,2.081,4.9,21,8,18
1.53488921061915E+018,SOL_COMPUTED,NARROW_FLOAT,196978.0155,-4755109.0363,4232251.9199,0.6138,1.3322,0.9398,SOL_COMPUTED,NARROW_FLOAT,0.0921,0.7791,0.8545,0.028,0.0513,0.0656,79610,A,41.83724486,N,87.627907175,W,2.255,6.2,21,8,18
1.53488921161904E+018,SOL_COMPUTED,NARROW_FLOAT,196978.212,-4755107.9654,4232252.5452,0.5332,1.1601,0.8412,SOL_COMPUTED,NARROW_FLOAT,0.1352,0.7275,0.9129,0.0414,0.0677,0.0948,79611,A,41.8372554317,N,87.6279042783,W,2.28,8.1,21,8,18
1.53488921262221E+018,SOL_COMPUTED,NARROW_FLOAT,196978.2686,-4755107.1173,4232253.3267,0.4789,1.0442,0.7761,SOL_COMPUTED,NARROW_FLOAT,0.0439,0.7803,0.8784,0.0409,0.0653,0.093,79612,A,41.8372657483,N,87.627903175,W,2.285,3.7,21,8,18
1.53488921362002E+018,SOL_COMPUTED,NARROW_FLOAT,196978.2729,-4755106.2542,4232254.1922,0.4395,0.96,0.7294,SOL_COMPUTED,NARROW_FLOAT,0.058,0.9689,1.054,0.0416,0.0655,0.0945,79613,A,41.8372767317,N,87.6279026933,W,2.785,3.9,21,8,18
1.53488921462209E+018,SOL_COMPUTED,NARROW_FLOAT,196978.2668,-4755105.4052,4232255.1118,0.4091,0.8954,0.6939,SOL_COMPUTED,NARROW_FLOAT,-0.0171,0.8292,0.9195,0.0182,0.0288,0.0415,79614,A,41.837287995,N,87.6279023433,W,2.407,0.8,21,8,18
1.5348892156248E+018,SOL_COMPUTED,NARROW_FLOAT,196978.2168,-4755104.598,4232255.9845,0.385,0.8438,0.6658,SOL_COMPUTED,NARROW_FLOAT,-0.0957,0.7456,0.9295,0.0199,0.0308,0.0444,79615,A,41.837298705,N,87.6279025417,W,2.321,356.9,21,8,18
1.53488921662441E+018,SOL_COMPUTED,NARROW_FLOAT,196978.1749,-4755103.7864,4232256.8051,0.3654,0.8019,0.6431,SOL_COMPUTED,NARROW_FLOAT,-0.0605,0.7529,0.8417,0.0185,0.0288,0.0416,79616,A,41.83730909,N,87.6279026417,W,2.198,358.5,21,8,18
1.5348892176256E+018,SOL_COMPUTED,NARROW_FLOAT,196978.1006,-4755102.9515,4232257.6011,0.3487,0.7663,0.6237,SOL_COMPUTED,NARROW_FLOAT,-0.0799,0.7789,0.8036,0.0164,0.026,0.039,79617,A,41.8373194567,N,87.62790312,W,2.179,357.6,21,8,18
1.53488921862714E+018,SOL_COMPUTED,NARROW_FLOAT,196978.0532,-4755102.1692,4232258.4923,0.3342,0.7357,0.607,SOL_COMPUTED,NARROW_FLOAT,-0.059,0.7758,0.8095,0.0345,0.055,0.085,79618,A,41.83733014,N,87.6279033,W,2.181,358.6,21,8,18
1.53488921962588E+018,SOL_COMPUTED,NARROW_FLOAT,196978.0377,-4755101.3745,4232259.4233,0.3217,0.7091,0.5925,SOL_COMPUTED,NARROW_FLOAT,-0.0546,0.8352,0.9205,0.017,0.0266,0.0395,79619,A,41.8373411567,N,87.62790309,W,2.418,359.1,21,8,18
1.53488922062617E+018,SOL_COMPUTED,NARROW_FLOAT,196978.0648,-4755100.5267,4232260.3262,0.3109,0.6858,0.5796,SOL_COMPUTED,NARROW_FLOAT,0.2051,0.51,1.0378,0.0417,0.0642,0.0933,79620,A,41.8373522933,N,87.6279023417,W,2.197,11.5,21,8,18
1.53488922162375E+018,SOL_COMPUTED,NARROW_FLOAT,196978.1126,-4755099.6703,4232261.2436,0.3013,0.6651,0.5682,SOL_COMPUTED,NARROW_FLOAT,0.0784,0.827,0.8872,0.0188,0.0284,0.0412,79621,A,41.8373635733,N,87.62790134,W,2.362,5.3,21,8,18
1.53488922262613E+018,SOL_COMPUTED,NARROW_FLOAT,196978.1333,-4755098.8945,4232262.0965,0.2927,0.6465,0.5578,SOL_COMPUTED,NARROW_FLOAT,0.0213,0.7361,0.8479,0.0187,0.0284,0.0414,79622,A,41.837373945,N,87.627900705,W,2.183,2.6,21,8,18
1.53488922362554E+018,SOL_COMPUTED,NARROW_FLOAT,196978.1092,-4755098.1396,4232262.954,0.2851,0.6299,0.5485,SOL_COMPUTED,NARROW_FLOAT,-0.0166,0.7463,0.9257,0.0185,0.028,0.0408,79623,A,41.8373842317,N,87.6279006183,W,2.308,0.7,21,8,18
1.5348892246293E+018,SOL_COMPUTED,NARROW_FLOAT,196978.0659,-4755097.4157,4232263.772,0.2786,0.6149,0.5402,SOL_COMPUTED,NARROW_FLOAT,-0.0083,0.7112,0.8114,0.0263,0.0305,0.0447,79624,A,41.8373940733,N,87.6279007783,W,2.097,1.1,21,8,18
1.53488922562693E+018,SOL_COMPUTED,NARROW_FLOAT,196977.9899,-4755096.6834,4232264.6629,0.2722,0.601,0.5325,SOL_COMPUTED,NARROW_FLOAT,-0.0164,0.6026,1.1732,0.0445,0.0574,0.0838,79625,A,41.8374044617,N,87.6279013283,W,2.481,0.4,21,8,18
1.53488922663025E+018,SOL_COMPUTED,NARROW_FLOAT,196977.8828,-4755096.0021,4232265.557,0.2678,0.5895,0.5284,SOL_COMPUTED,NARROW_FLOAT,-0.0253,0.7205,0.8118,0.058,0.0815,0.1181,79626,A,41.8374145733,N,87.6279022767,W,2.11,0.2,21,8,18
1.53488922763069E+018,SOL_COMPUTED,NARROW_FLOAT,196977.8314,-4755095.3077,4232266.4267,0.2606,0.5758,0.5174,SOL_COMPUTED,NARROW_FLOAT,-0.0422,0.5812,1.0328,0.0255,0.0382,0.0551,79627,A,41.8374245867,N,87.6279025483,W,2.251,359.1,21,8,18
1.53488922862926E+018,SOL_COMPUTED,NARROW_FLOAT,196977.8474,-4755094.5222,4232267.2844,0.2554,0.5649,0.5114,SOL_COMPUTED,NARROW_FLOAT,0.0311,0.8235,0.8662,0.0194,0.0457,0.0736,79628,A,41.8374350483,N,87.627901965,W,2.323,3.1,21,8,18
1.53488922963073E+018,SOL_COMPUTED,NARROW_FLOAT,196977.8597,-4755093.7929,4232268.2741,0.2516,0.5564,0.5103,SOL_COMPUTED,NARROW_FLOAT,0.0158,0.6956,1.0149,0.0323,0.0832,0.1314,79629,A,41.83744606,N,87.6279014533,W,2.372,2.1,21,8,18
1.5348892316235E+018,SOL_COMPUTED,PSRDIFF,196977.373,-4755093.6728,4232269.9671,0.7921,1.6618,2.1024,SOL_COMPUTED,PSRDIFF,-0.2699,0.5897,1.1582,0.0947,0.1986,0.2513,79631,A,41.8374582583,N,87.6279072483,W,2.502,349,21,8,18
1.53488923262227E+018,SOL_COMPUTED,PSRDIFF,196976.8911,-4755094.214,4232271.8669,1.0661,2.6682,2.7894,SOL_COMPUTED,PSRDIFF,-0.0079,0.8441,0.538,0.1274,0.3189,0.3334,79632,A,41.8374678733,N,87.6279133133,W,1.874,1.6,21,8,18
1.53488923362483E+018,SOL_COMPUTED,PSRDIFF,196976.9651,-4755092.3255,4232270.0883,0.8212,1.8437,2.8791,SOL_COMPUTED,PSRDIFF,-0.2884,0.7427,1.0291,0.0981,0.2204,0.3441,79633,A,41.837467255,N,87.6279114833,W,2.518,348.5,21,8,18
1.53488923462695E+018,SOL_COMPUTED,PSRDIFF,196976.7685,-4755092.2794,4232271.6357,1.0757,3.1755,4.1617,SOL_COMPUTED,PSRDIFF,-0.2003,1.4667,-0.2792,0.1286,0.3795,0.4974,79634,A,41.83747796,N,87.627913825,W,1.531,349.8,21,8,18
1.53488923562463E+018,SOL_COMPUTED,PSRDIFF,196976.4623,-4755091.3887,4232271.8565,1.0773,3.0748,4.0156,SOL_COMPUTED,PSRDIFF,-0.1432,0.4097,0.8582,0.1288,0.3675,0.48,79635,A,41.8374848617,N,87.627917065,W,1.798,352.2,21,8,18
1.53488923662711E+018,SOL_COMPUTED,PSRDIFF,196976.1938,-4755093.0473,4232276.9688,1.0747,2.8714,3.2495,SOL_COMPUTED,PSRDIFF,-0.0586,0.5419,1.1676,0.1285,0.3432,0.3884,79636,A,41.8375092683,N,87.62792112,W,2.397,358.3,21,8,18
1.53488923762827E+018,SOL_COMPUTED,PSRDIFF,196976.0811,-4755091.9049,4232277.0563,1.07,2.7614,3.0908,SOL_COMPUTED,PSRDIFF,-0.2076,1.0817,-0.0955,0.1279,0.33,0.3694,79637,A,41.8375167383,N,87.6279219083,W,1.313,346.1,21,8,18
1.53488923862802E+018,SOL_COMPUTED,PSRDIFF,196976.1238,-4755090.5759,4232276.9098,1.0669,2.7135,3.0225,SOL_COMPUTED,PSRDIFF,-0.1949,0.8089,0.4098,0.1275,0.3243,0.3613,79638,A,41.8375237183,N,87.6279207317,W,1.681,349.3,21,8,18
1.53488923963055E+018,SOL_COMPUTED,PSRDIFF,196975.0773,-4755092.2006,4232279.9652,0.8248,1.7204,2.2864,SOL_COMPUTED,PSRDIFF,-0.1064,1.3189,-0.0869,0.0986,0.2056,0.2733,79639,A,41.837534725,N,87.62793413,W,1.592,356.4,21,8,18
1.53488924062926E+018,SOL_COMPUTED,PSRDIFF,196975.6252,-4755094.7215,4232284.3025,1.0552,2.1495,2.7513,SOL_COMPUTED,PSRDIFF,-0.0757,0.5343,0.8725,0.1261,0.2569,0.3288,79640,A,41.8375485567,N,87.627928795,W,1.963,357,21,8,18
1.53488924163573E+018,SOL_COMPUTED,PSRDIFF,196976.0743,-4755089.8428,4232280.8136,1.0273,2.0047,2.6131,SOL_COMPUTED,PSRDIFF,-0.0656,0.8275,0.7042,0.1228,0.2396,0.3123,79641,A,41.837554315,N,87.6279209617,W,2.096,358.3,21,8,18
1.53488924263265E+018,SOL_COMPUTED,PSRDIFF,196975.744,-4755085.8416,4232278.1883,0.903,1.9943,2.4526,SOL_COMPUTED,PSRDIFF,0.0029,0.9022,0.8085,0.1079,0.2384,0.2931,79642,A,41.837560795,N,87.62792294,W,2.341,1.9,21,8,18
1.53488924363164E+018,SOL_COMPUTED,PSRDIFF,196975.5997,-4755085.8232,4232279.7556,1.1096,2.8604,3.0449,SOL_COMPUTED,PSRDIFF,0.1104,0.277,1.259,0.1326,0.3419,0.3639,79643,A,41.837571455,N,87.6279246683,W,2.189,6.2,21,8,18
1.53488924463285E+018,SOL_COMPUTED,PSRDIFF,196975.8772,-4755086.4174,4232281.8481,1.0972,2.8215,2.9995,SOL_COMPUTED,PSRDIFF,0.2388,1.1236,0.4673,0.1311,0.3372,0.3585,79644,A,41.8375818567,N,87.627921625,W,2.191,14.7,21,8,18
1.53488924563436E+018,SOL_COMPUTED,PSRDIFF,196976.1698,-4755085.2172,4232281.6846,0.8526,1.8377,2.2825,SOL_COMPUTED,PSRDIFF,0.1878,0.5117,0.3799,0.1019,0.2196,0.2728,79645,A,41.8375878883,N,87.6279175083,W,1.27,18.6,21,8,18
1.53488924663387E+018,SOL_COMPUTED,PSRDIFF,196976.2604,-4755083.3652,4232280.541,0.843,1.8141,2.2465,SOL_COMPUTED,PSRDIFF,0.0656,0.0675,0.3267,0.1008,0.2168,0.2685,79646,A,41.8375913067,N,87.627915495,W,0.573,13.4,21,8,18
1.53488924763528E+018,SOL_COMPUTED,PSRDIFF,196975.4938,-4755083.673,4232281.1041,0.8277,1.7671,2.2019,SOL_COMPUTED,PSRDIFF,-0.002,0.04,0.0866,0.0989,0.2112,0.2632,79647,A,41.8375934283,N,87.62792487,W,0.177,359.8,21,8,18
1.5348892486369E+018,SOL_COMPUTED,PSRDIFF,196976.0334,-4755084.0946,4232281.7693,0.8208,1.7419,2.1754,SOL_COMPUTED,PSRDIFF,0.0079,0.0245,-0.0873,0.0981,0.2082,0.26,79648,A,41.837595225,N,87.6279185883,W,0.097,169.7,21,8,18
1.53488924963831E+018,SOL_COMPUTED,PSRDIFF,196976.1484,-4755084.0704,4232281.9118,0.8107,1.7141,2.1427,SOL_COMPUTED,PSRDIFF,-0.0127,0.0152,-0.0209,0.0969,0.2049,0.2561,79649,A,41.8375962983,N,87.6279171933,W,0.025,247.1,21,8,18
1.53488925063908E+018,SOL_COMPUTED,PSRDIFF,196976.1084,-4755084.4566,4232282.398,0.8067,1.6958,2.1243,SOL_COMPUTED,PSRDIFF,0.0181,0.0284,-0.062,0.0964,0.2027,0.2539,79650,A,41.8375972517,N,87.6279178667,W,0.066,145.2,21,8,18
